firstname	gender	cnt
Aadya	f	12
Aalia	f	12
Aaliya	f	17
Aaliyah	f	284
Aaminah	f	11
Aanya	f	12
Aaron	f	11
Aarya	f	12
Abarna	f	14
Abbey	f	35
Abbie	f	167
Abbigail	f	16
Abby	f	907
Abbygael	f	86
Abby-Gaelle	f	55
Abbygaelle	f	113
Abbygail	f	72
Abby-Rose	f	11
Abeer	f	35
Abegail	f	11
Abelia	f	24
Abelle	f	27
Abi	f	18
Abida	f	13
Abie	f	37
Abigael	f	638
Abigaele	f	13
Abigaelle	f	985
Abigail	f	1059
Abigayle	f	12
Abiguel	f	13
Abiguelle	f	11
Abinaya	f	22
Abir	f	83
Abira	f	14
Abirami	f	15
Abisha	f	15
Abla	f	22
Abrar	f	28
Abrielle	f	16
Abril	f	16
Aby	f	208
Abygael	f	427
Aby-Gaelle	f	41
Abygaelle	f	661
Abygail	f	147
Acacia	f	22
A Catherine	f	24
A Christine	f	25
Achta	f	11
Acil	f	20
Ada	f	65
Adalie	f	25
Adaline	f	198
Adalyne	f	31
Adalynn	f	16
Adam	f	22
Adama	f	44
Adamie	f	20
Adara	f	12
Addison	f	103
Adeena	f	16
Adel	f	19
Adela	f	44
Adelaide	f	199
Adele	f	2143
Adelia	f	123
Adeliane	f	11
Adelie	f	307
Adelina	f	102
Adeline	f	258
Adelle	f	44
Adely	f	16
Adelya	f	20
Adelyn	f	22
Adi	f	17
Adia	f	17
Adiba	f	19
Adila	f	13
Adina	f	67
Aditi	f	23
Adja	f	11
Adjani	f	11
Adjanie	f	18
Adora	f	17
Adreanne	f	18
Adria	f	22
Adriana	f	715
Adriane	f	49
Adrianna	f	217
Adrianne	f	81
Adrielle	f	21
Adrienne	f	139
Adrina	f	24
Adryana	f	11
Aela	f	21
Aelia	f	20
Afaf	f	23
Afnan	f	14
Afnane	f	30
Afrah	f	12
Afroditi	f	13
Afsana	f	18
Agata	f	32
Agate	f	16
Agatha	f	41
Agathe	f	1095
Aglae	f	136
Aglaee	f	40
Agnes	f	216
Agnieszka	f	29
Agustina	f	13
Ahlam	f	27
Ahlem	f	18
Ahuva	f	13
Aicha	f	472
Aichatou	f	12
Aida	f	192
Aidy	f	11
Aika	f	24
Aiko	f	16
Aila	f	20
Aileen	f	38
Aima	f	20
Aiman	f	12
Aimee	f	256
Aimelie	f	12
Aimie	f	55
Aimy	f	145
Aina	f	21
Ainsley	f	32
Aisa	f	11
Aisha	f	432
Aishah	f	13
Aislinn	f	16
Aissa	f	11
Aissata	f	82
Aissatou	f	148
Aitana	f	14
Aiva	f	13
Aiyana	f	39
Aiyanna	f	25
Aiza	f	34
Aizah	f	12
Akeelah	f	14
Akina	f	12
Akira	f	24
Akshara	f	12
Akshaya	f	16
Ala	f	41
Alaa	f	236
Alacie	f	34
Alae	f	99
Alaia	f	31
Alaina	f	36
Alais	f	13
Alaku	f	13
Alana	f	198
Alanah	f	17
Alanie	f	11
Alanis	f	42
Alanna	f	83
Alannah	f	52
Alasie	f	15
Alaska	f	15
Alaya	f	16
Alayah	f	11
Alayna	f	53
Alba	f	45
Albane	f	15
Albertine	f	14
Albina	f	13
Alea	f	16
Aleah	f	28
Alecia	f	24
Aleen	f	14
Aleena	f	72
Aleesha	f	22
Aleeyah	f	14
Aleeza	f	18
Aleisha	f	11
Alejandra	f	188
Aleksandra	f	139
Aleksia	f	21
Alena	f	60
Alesia	f	32
Alessa	f	35
Alessandra	f	338
Alessia	f	666
Alessya	f	17
Alex	f	480
Alexa	f	1103
Alexander	f	20
Alexandra	f	12741
Alexandra M	f	14
Alexandra Maria	f	15
Alexandre	f	233
Alexandrea	f	17
Alexandria	f	150
Alexandrie	f	13
Alexandrina	f	22
Alexandrine	f	646
Alexandryne	f	11
Alexane	f	866
Alex Ann	f	63
Alex-Ann	f	107
Alexann	f	132
Alex Anne	f	47
Alex-Anne	f	58
Alexanne	f	986
Alexcia	f	14
Alexe	f	607
Alexendra	f	34
Alexi	f	30
Alexia	f	4503
Alexiane	f	130
Alexianne	f	69
Alexia-Rose	f	12
Alexie	f	910
Alexina	f	107
Alexine	f	19
Alexis	f	336
Alex Sandra	f	39
Alex-Sandra	f	17
Alexsandra	f	22
Alex-Sandrine	f	11
Alexus	f	11
Alexy	f	49
Alexya	f	275
Alexyane	f	15
Alexyanne	f	12
Alexye	f	13
Alexys	f	14
Aleyna	f	28
Ali	f	44
Alia	f	309
Aliaa	f	13
Aliah	f	16
Aliana	f	28
Alianna	f	20
Alice	f	7606
Alicia	f	5465
Alicia Rose	f	15
Alicia-Rose	f	37
Alicie	f	14
Alicja	f	13
Alicya	f	140
Alida	f	28
Alie	f	172
Alienor	f	17
Alik	f	24
Alika	f	34
Aliki	f	15
Alima	f	26
Alina	f	393
Aline	f	370
Aliona	f	13
Alisa	f	157
Alisee	f	14
Alisha	f	194
Alishba	f	17
Alisia	f	29
Alison	f	932
Aliss	f	20
Alissa	f	367
Alissandre	f	12
Alissar	f	17
Alissia	f	91
Alisson	f	163
Alissya	f	28
Alivia	f	51
Alix	f	384
Alixe	f	69
Alixia	f	55
Aliya	f	199
Aliyah	f	296
Aliza	f	92
Alize	f	85
Alizee	f	399
Alla	f	19
Allana	f	14
Allegra	f	26
Allia	f	11
Allicia	f	12
Allie	f	144
Allison	f	909
Allissa	f	13
Allisson	f	17
Ally	f	195
Allya	f	16
Allycia	f	53
Allysa	f	11
Allysha	f	12
Allysia	f	12
Allyson	f	853
Allyssa	f	29
Allyssia	f	19
Allysson	f	27
Allysun	f	18
Alma	f	147
Alona	f	18
Alondra	f	27
Alphee	f	24
Althea	f	20
Alvina	f	13
Aly	f	173
Alya	f	243
Alyah	f	37
Alyana	f	28
Alyanna	f	28
Alyce	f	128
Alycia	f	2125
Alycia-Rose	f	13
Alyka	f	15
Alyna	f	30
Alyne	f	14
Aly-Rose	f	22
Alys	f	235
Alysa	f	27
Alysan	f	12
Alyscia	f	11
Alysee	f	17
Alysha	f	77
Alysia	f	88
Alyson	f	2252
Alysone	f	11
Alyss	f	54
Alyssa	f	2542
Alyssandre	f	13
Alyssane	f	30
Alyssa-Rose	f	14
Alysse	f	35
Alyssia	f	821
Alysson	f	416
Aly-Sun	f	11
Alysun	f	44
Alyx	f	24
Alyxia	f	23
Alyze	f	11
Alyzee	f	60
Amaelle	f	60
Amaia	f	25
Amal	f	183
Amalia	f	175
Amalie	f	21
Amalya	f	30
Aman	f	15
Amanda	f	3633
Amanda Lee	f	14
Amanda Maria	f	15
Amanda Marie	f	20
Amandeep	f	19
Amandeep Kaur	f	15
Amandine	f	258
Amani	f	135
Amany	f	15
Amar	f	16
Amara	f	64
Amarilys	f	17
Amaris	f	11
Amaryllis	f	34
Amaya	f	145
Amayah	f	22
Amayelle	f	11
Amber	f	379
Amberly	f	11
Ambre	f	154
Ameera	f	19
Amel	f	165
Amela	f	23
Amelia	f	3352
Ameliane	f	144
Amelianne	f	73
Amelia Rose	f	14
Amelia-Rose	f	23
Amelie	f	11868
Amelie-Rose	f	20
Amellia	f	12
Amely	f	323
Amelya	f	581
Amelyane	f	17
Amelyanne	f	11
Amelye	f	27
Amena	f	34
Amenda	f	11
America	f	12
Amethyste	f	11
Ami	f	12
Amie	f	18
Amielle	f	28
Amika	f	12
Amilia	f	79
Amilie	f	175
Amily	f	45
Amilya	f	16
Amina	f	768
Aminah	f	21
Aminata	f	196
Aminatou	f	12
Amine	f	28
Amira	f	628
Amirah	f	18
Amisha	f	14
Ammy	f	11
Amna	f	99
Amra	f	14
Amrita	f	29
Amy	f	2352
Amy-Jade	f	52
Amy Lee	f	23
Amy-Lee	f	76
Amylee	f	15
Amylia	f	73
Amylie	f	73
Amyra	f	20
Amy-Rose	f	51
Ana	f	458
Anabel	f	766
Anabela	f	17
Anabella	f	60
Anabelle	f	2023
Anabia	f	17
Ana Carolina	f	13
Ana Clara	f	13
Ana Cristina	f	33
Anae	f	167
Anaee	f	35
Anael	f	146
Anaelle	f	661
Ana-Eve	f	37
Anaeve	f	375
Ana Gabriela	f	22
Anahe	f	14
Anahee	f	24
Anahi	f	31
Anahid	f	12
Anahita	f	39
Anaik	f	17
Anaika	f	19
Anais	f	4274
Ana Isabel	f	19
Ana-Kim	f	11
Anakim	f	28
Ana Laura	f	16
Analia	f	17
Analie	f	19
Ana Lucia	f	34
Ana-Lucia	f	11
Ana Luisa	f	12
Anam	f	21
Ana Maria	f	174
Ana-Maria	f	77
Anamaria	f	14
Ananya	f	21
Ana Paula	f	26
Ana-Rose	f	20
Ana Sofia	f	86
Ana-Sofia	f	21
Anastacia	f	17
Anastasia	f	860
Anastasiia	f	27
Anastasiya	f	68
Anastassia	f	59
Anastassiya	f	12
Anastasya	f	20
Anastazia	f	12
Ana Victoria	f	16
Anaya	f	110
Anayah	f	30
Anays	f	14
Anca	f	19
Andie	f	58
Andra	f	39
Andre	f	12
Andrea	f	2496
Andrea Carolina	f	18
Andrea Maria	f	13
Andreana	f	12
Andreane	f	746
Andre Ann	f	17
Andreann	f	86
Andreanna	f	13
Andre Anne	f	64
Andre-Anne	f	29
Andreanne	f	4325
Andreas	f	28
Andree	f	412
Andreea	f	154
Andree Ann	f	316
Andree-Ann	f	81
Andree Anne	f	1697
Andree-Anne	f	237
Andree Eve	f	21
Andreia	f	23
Andreina	f	11
Andrew	f	12
Andria	f	42
Andriana	f	29
Andrianna	f	13
Andy	f	22
Aneesa	f	13
Anela	f	13
Anelie	f	15
Anella	f	13
Anemone	f	11
Aneta	f	12
Anfal	f	29
Anfel	f	27
Ange	f	47
Angel	f	243
Angela	f	1134
Angela Maria	f	16
Angele	f	184
Angelia	f	30
Angelic	f	35
Angelica	f	486
Angelica Maria	f	14
Angelick	f	23
Angelie	f	426
Angelik	f	139
Angelika	f	212
Angeliki	f	34
Angelina	f	864
Angeline	f	213
Angelique	f	1387
Angella	f	49
Angely	f	32
Angelyk	f	18
Angelyka	f	32
Angelyna	f	22
Angelyne	f	13
Angelyque	f	17
Angie	f	650
Angy	f	35
Anh	f	15
Anh Thu	f	18
Ani	f	45
Ania	f	245
Anica	f	12
Anicia	f	16
Anick	f	893
Anicka	f	13
Anie	f	110
Aniela	f	13
Anie Pier	f	18
Anik	f	629
Anika	f	328
Anila	f	35
Anilou	f	13
Anisa	f	52
Anisha	f	52
Anissa	f	213
Anita	f	336
Anitha	f	12
Anja	f	38
Anjali	f	67
Anjana	f	17
Ankita	f	14
Anmol	f	11
Ann	f	224
Anna	f	2531
Annabel	f	483
Annabella	f	105
Anna Belle	f	21
Anna-Belle	f	89
Annabelle	f	5257
Annae	f	17
Annael	f	36
Annaelle	f	218
Anna-Eve	f	209
Annaeve	f	50
Annah	f	11
Annais	f	24
Anna Kim	f	12
Anna-Kim	f	48
Anna-Lee	f	12
Annalie	f	11
Annalisa	f	31
Anna Maria	f	108
Anna-Maria	f	68
Annamaria	f	22
Anna Marie	f	21
Anna-Maude	f	14
Anna-May	f	23
Anna Rose	f	14
Anna-Rose	f	136
Anna Sofia	f	11
Anna Sophia	f	19
Anna-Sophia	f	16
Annastasia	f	13
Ann Catherine	f	19
Ann-Charlie	f	15
Ann-Chloe	f	12
Ann-Clara	f	17
Anne	f	2665
Anne Andree	f	22
Anne Audrey	f	12
Anne Catherine	f	60
Anne-Catherine	f	76
Anne-Charlie	f	12
Anne Charlotte	f	19
Anne-Charlotte	f	46
Anne Christine	f	11
Anne-Christine	f	11
Anne Claire	f	16
Anne-Claire	f	12
Anne Clara	f	11
Anne-Clara	f	26
Anne Claude	f	24
Anne Elisabeth	f	14
Anne-Elisabeth	f	24
Anne Elizabeth	f	19
Anne-Elizabeth	f	14
Anne Emilie	f	17
Anne-Emilie	f	12
Anne Florence	f	11
Anne-Florence	f	36
Anne-Frederic	f	11
Anne Frederique	f	78
Anne-Frederique	f	192
Anne Gabrielle	f	32
Anne-Gabrielle	f	49
Anne-Gaelle	f	12
Anne Helene	f	12
Anne Isabelle	f	26
Anne Josee	f	50
Anne Julie	f	293
Anne-Julie	f	128
Anne Laure	f	23
Anne-Laure	f	18
Anne Laurence	f	42
Anne-Laurence	f	48
Anne Laurie	f	28
Anne-Laurie	f	47
Annelie	f	11
Anne Lise	f	15
Annelise	f	12
Ann-Elizabeth	f	13
Anne Louise	f	33
Anne Marie	f	3264
Anne-Marie	f	850
Annemarie	f	15
Anne Michele	f	14
Anne Pier	f	16
Anne Renee	f	41
Anne-Renee	f	16
Anne-Rose	f	17
Anne Sara	f	13
Anne Sarah	f	18
Anne-Sarah	f	27
Anne Shirley	f	13
Anne Sophie	f	1121
Anne-Sophie	f	1423
Annette	f	111
Anne Valerie	f	13
Anne-Victoria	f	14
Ann Frederic	f	11
Ann-Frederic	f	12
Ann Frederick	f	15
Ann-Frederick	f	24
Ann Frederik	f	11
Ann-Frederik	f	24
Ann Frederique	f	34
Ann-Frederique	f	119
Ann-Gabrielle	f	18
Anni	f	14
Annia	f	11
Annic	f	16
Annick	f	2115
Annie	f	7345
Annie Claude	f	668
Annie-Claude	f	93
Annie Eve	f	23
Annie France	f	24
Annie Kim	f	66
Annie-Kim	f	25
Annie Pier	f	343
Annie-Pier	f	123
Annie Pierre	f	31
Annie Rose	f	11
Annik	f	529
Annika	f	145
Annissa	f	18
Ann Julie	f	105
Ann-Julie	f	58
Ann-Laurence	f	15
Ann-Laurie	f	23
Ann Marie	f	135
Ann-Marie	f	46
Annouk	f	14
Ann Sarah	f	14
Ann-Sarah	f	19
Ann Sophie	f	199
Ann-Sophie	f	409
Ann-Sophy	f	15
Anny	f	197
Annya	f	14
Anny Claude	f	16
Anny Pier	f	20
Anny-Pier	f	20
Anosha	f	14
Anouchka	f	35
Anouck	f	73
Anouk	f	758
Anouka	f	12
Anoushka	f	17
Anta	f	18
Anthea	f	25
Anthony	f	43
Antoine	f	33
Antoinette	f	79
Antonella	f	140
Antonia	f	170
Antonietta	f	40
Antonina	f	42
Anum	f	14
Anusha	f	20
Anushka	f	19
Any	f	34
Anya	f	293
Anyanka	f	14
Any Claude	f	11
Anyka	f	18
Any Pier	f	18
Any-Pier	f	17
Anyssa	f	53
Aphrodite	f	11
Apolline	f	32
April	f	257
Aqsa	f	23
Arabella	f	37
Aram	f	11
Arantxa	f	12
Araz	f	12
Archana	f	11
Areeba	f	26
Areej	f	30
Areni	f	11
Argyro	f	15
Aria	f	385
Ariadna	f	24
Ariadne	f	13
Ariah	f	18
Arian	f	17
Ariana	f	517
Ariane	f	7955
Ariann	f	24
Arianna	f	321
Arianne	f	2791
Aridj	f	12
Ariel	f	1011
Ariela	f	26
Ariele	f	45
Ariella	f	109
Arielle	f	1926
Arij	f	96
Arije	f	25
Arina	f	97
Arine	f	17
Arisha	f	16
Ariya	f	24
Arlene	f	38
Arlette	f	26
Armelle	f	17
Armita	f	22
Arnika	f	12
Arooj	f	13
Aroua	f	11
Arshdeep	f	11
Artemis	f	46
Arwa	f	169
Arwen	f	23
Arya	f	297
Aryah	f	11
Aryan	f	25
Aryana	f	54
Aryane	f	256
Aryann	f	38
Aryanna	f	22
Aryanne	f	129
Aryel	f	66
Aryelle	f	106
Asal	f	21
Aseel	f	46
Asha	f	56
Ashanti	f	14
Ashely	f	12
Ashlee	f	46
Ashleigh	f	34
Ashley	f	2099
Ashley Ann	f	19
Ashley Anne	f	13
Ashley Marie	f	19
Ashley Rose	f	11
Ashly	f	23
Ashlyn	f	36
Ashlynn	f	14
Ashton	f	12
Asia	f	73
Asil	f	12
Asiya	f	22
Asli	f	15
Asma	f	378
Asmaa	f	198
Asmae	f	46
Aspen	f	11
Asra	f	13
Assia	f	214
Assil	f	86
Assile	f	17
Assitan	f	14
Assiya	f	45
Assma	f	13
Assunta	f	15
Assya	f	26
Astou	f	15
Astrid	f	127
Astride	f	12
Asya	f	30
Atara	f	13
Athanasia	f	44
Athena	f	414
Athenais	f	11
Athina	f	45
Atifa	f	15
Atika	f	12
Atiya	f	16
Aube	f	77
Aubree	f	34
Aubrey	f	65
Aubrie	f	12
Auceane	f	18
Auceanne	f	14
Aude	f	351
Audelie	f	47
Audray	f	169
Audre	f	18
Audrea	f	25
Audreane	f	148
Audreann	f	12
Audreanne	f	415
Audree	f	744
Audree Anne	f	35
Audree-Anne	f	26
Audrey	f	16703
Audrey Ann	f	581
Audrey-Ann	f	596
Audreyann	f	24
Audrey Anne	f	761
Audrey-Anne	f	716
Audreyanne	f	45
Audrey Claude	f	16
Audrey Eve	f	32
Audrey-Eve	f	37
Audrey Jade	f	25
Audrey-Jade	f	22
Audrey Kim	f	13
Audrey Maude	f	87
Audrey-Maude	f	84
Audrey Pier	f	13
Audrey-Pier	f	11
Audrey Rose	f	37
Audrey-Rose	f	46
Audrina	f	69
Audry	f	18
Audryna	f	11
Augustine	f	91
Auphelie	f	17
Aura	f	29
Auralie	f	42
Auraly	f	12
Aurelia	f	181
Aureliane	f	15
Aurelie	f	3612
Aurellie	f	13
Aurely	f	205
Aurelye	f	17
Auriane	f	36
Aurianne	f	13
Aurora	f	94
Aurore	f	108
Autumn	f	114
Auxane	f	12
Ava	f	664
Avani	f	12
Aveline	f	18
Averie	f	11
Avery	f	257
Avia	f	19
Aviana	f	24
Avianna	f	11
Avigail	f	30
Avin	f	14
Avital	f	15
Aviva	f	52
Avneet Kaur	f	11
Avril	f	107
Awa	f	89
Axel	f	34
Axele	f	21
Axelle	f	509
Aya	f	1599
Ayah	f	152
Ayala	f	20
Ayan	f	12
Ayana	f	83
Ayanna	f	50
Ayat	f	68
Ayda	f	30
Ayelet	f	13
Ayesha	f	138
Ayla	f	176
Ayleen	f	23
Aylin	f	60
Ayline	f	25
Aymie	f	11
Ayna	f	11
Ayra	f	12
Ayse	f	48
Aysenur	f	15
Aysha	f	90
Ayva	f	32
Azaelle	f	15
Azalea	f	32
Azalee	f	66
Azalia	f	13
Azalie	f	46
Azaly	f	18
Azelia	f	17
Azelie	f	72
Aziza	f	52
Azra	f	31
Azure	f	21
Azza	f	15
Bahar	f	37
Bahara	f	12
Bahareh	f	11
Bahia	f	24
Baila	f	65
Bailey	f	109
Bana	f	19
Baraa	f	25
Baran	f	21
Barbara	f	418
Basma	f	186
Bassma	f	25
Batool	f	15
Batoul	f	97
Batsheva	f	22
Baya	f	74
Bayan	f	33
Bayane	f	41
Bea	f	56
Beata	f	13
Beatrice	f	5705
Beatrix	f	47
Beatriz	f	101
Beatryce	f	17
Becka	f	13
Becky	f	48
Belen	f	19
Belinda	f	154
Belkis	f	16
Bella	f	288
Bella-Rose	f	16
Belle	f	24
Belynda	f	21
Benafsha	f	14
Benedicte	f	266
Benita	f	27
Benjamin	f	23
Benoit	f	15
Berangere	f	21
Berenice	f	102
Berfin	f	14
Berline	f	16
Bernadette	f	78
Bernice	f	25
Bertha	f	15
Besma	f	31
Beth	f	12
Bethanie	f	30
Bethany	f	108
Bethsaida	f	13
Betina	f	13
Betsy	f	59
Bettina	f	33
Betty	f	109
Betul	f	13
Beverley	f	21
Beverly	f	124
Beya	f	31
Bianca	f	3455
Bianca Maria	f	16
Bianelle	f	13
Bianka	f	846
Bibi	f	12
Bibiane	f	19
Bilie	f	14
Billie	f	499
Billie Rose	f	11
Billie-Rose	f	25
Billy	f	25
Bina	f	16
Bineta	f	19
Binta	f	29
Bintou	f	47
Bissan	f	13
Bita	f	14
Blair	f	15
Blake	f	56
Blanca	f	13
Blanche	f	635
Blandine	f	33
Blayke	f	16
Blessing	f	45
Blima	f	23
Blimi	f	13
Blimie	f	20
Blimy	f	53
Bo	f	16
Bobbie	f	11
Bochra	f	21
Bojana	f	16
Bonnie	f	108
Bouchra	f	80
Boutaina	f	23
Bracha	f	49
Branda	f	32
Brandi	f	15
Brandon	f	12
Brandy	f	53
Breana	f	13
Breanna	f	81
Breanne	f	20
Bree	f	14
Breindy	f	24
Brenda	f	494
Brenda Lee	f	13
Brenda-Lee	f	38
Brendaly	f	12
Brenna	f	35
Bria	f	23
Briana	f	294
Brianna	f	825
Briannah	f	15
Brianne	f	49
Bridget	f	64
Bridgette	f	11
Briella	f	23
Brielle	f	94
Brigitte	f	905
Brihanna	f	18
Britanie	f	149
Britannie	f	21
Britanny	f	127
Britany	f	723
Brithanie	f	12
Brithany	f	142
Britney	f	79
Brittanie	f	15
Brittany	f	814
Brittney	f	55
Bronwyn	f	21
Brook	f	19
Brooke	f	329
Brooklyn	f	199
Brooklyne	f	11
Brooklynn	f	49
Brucha	f	14
Bruna	f	19
Bryana	f	85
Bryanna	f	178
Bryna	f	14
Brynn	f	20
Brytanie	f	11
Brythanie	f	11
Bushra	f	35
Byanca	f	53
Byanka	f	95
Cadence	f	31
Cailey	f	11
Cailin	f	15
Caitlin	f	286
Caitlyn	f	94
Caleigh	f	21
Cali	f	43
Calia	f	15
Calie	f	16
Calina	f	15
Caline	f	16
Calista	f	33
Callie	f	87
Callista	f	15
Cally	f	12
Calypso	f	24
Camay	f	16
Camelia	f	740
Camelie	f	71
Camellia	f	36
Camelya	f	21
Cameron	f	63
Camie	f	14
Camila	f	557
Camila Andrea	f	21
Camile	f	11
Camilia	f	199
Camilie	f	26
Camilla	f	109
Camille	f	12215
Camillia	f	47
Camilya	f	21
Cammy	f	11
Camryn	f	21
Camy	f	12
Camylle	f	104
Candace	f	63
Candice	f	148
Candida	f	15
Candide	f	38
Candy	f	80
Capri	f	22
Capucine	f	105
Cara	f	104
Carel	f	13
Carelle	f	35
Caren	f	24
Cariane	f	12
Carianne	f	18
Carina	f	180
Carine	f	608
Carinne	f	36
Carissa	f	47
Carl	f	13
Carla	f	398
Carlee	f	16
Carlene	f	15
Carley	f	22
Carlie	f	65
Carline	f	32
Carly	f	167
Carmel	f	20
Carmela	f	49
Carmelie	f	11
Carmelina	f	40
Carmella	f	24
Carmelle	f	28
Carmen	f	244
Carmine	f	13
Carol	f	85
Carolan	f	54
Carolane	f	1796
Carol Ann	f	660
Carol-Ann	f	212
Carolann	f	275
Carol Anne	f	271
Carol-Anne	f	92
Carolanne	f	984
Carole	f	326
Carole Ann	f	167
Carole-Ann	f	39
Carole Anne	f	491
Carole-Anne	f	138
Carolie	f	42
Carolina	f	317
Caroline	f	13098
Carollan	f	11
Carollane	f	12
Caroll Ann	f	72
Caroll-Ann	f	21
Carolle Anne	f	16
Carolline	f	13
Carolyn	f	274
Carolyne	f	632
Carolynn	f	25
Carrie	f	60
Carrie Ann	f	11
Caryn	f	12
Caryne	f	19
Carys	f	12
Casandra	f	217
Casey	f	105
Cassandra	f	3000
Cassandre	f	772
Cassendra	f	14
Cassey	f	19
Cassia	f	63
Cassidy	f	208
Cassie	f	178
Cassiopee	f	197
Cassy	f	100
Cataleya	f	105
Catalina	f	207
Catarina	f	49
Caterina	f	88
Caterine	f	17
Catharina	f	11
Catherina	f	64
Catherine	f	19943
Catherine Anne	f	12
Catheryne	f	68
Cathia	f	60
Cathie	f	118
Cathleen	f	29
Cathrine	f	53
Cathryn	f	24
Cathy	f	1381
Cathya	f	13
Catia	f	21
Catie	f	29
Catrina	f	28
Catrine	f	32
Catriona	f	14
Cattleya	f	17
Caty	f	38
Cayla	f	25
Cecelia	f	14
Cecile	f	166
Cecilia	f	319
Cedric	f	25
Cedrika	f	14
Celena	f	62
Celeste	f	694
Celestina	f	12
Celestine	f	76
Celia	f	575
Celiane	f	33
Celina	f	283
Celine	f	919
Celya	f	33
Celyna	f	15
Celyne	f	11
Cendrine	f	93
Cerine	f	85
Chada	f	13
Chadia	f	24
Chahd	f	79
Chahinez	f	28
Chaima	f	100
Chaimaa	f	55
Chaimae	f	41
Chama	f	23
Chams	f	11
Chana	f	253
Chance	f	16
Chandni	f	13
Chandra	f	14
Chanel	f	624
Chanele	f	22
Chanelle	f	388
Chanez	f	43
Chang	f	18
Chani	f	21
Chanie	f	42
Channel	f	30
Chantal	f	2094
Chantale	f	430
Chantel	f	17
Chantelle	f	31
Chany	f	84
Charity	f	28
Charlaine	f	78
Charlee	f	74
Charleen	f	15
Charlene	f	735
Charles	f	34
Charley	f	13
Charli	f	15
Charliane	f	23
Charlianne	f	21
Charlie	f	5765
Charlie Ann	f	18
Charlie-Ann	f	112
Charlie Anne	f	14
Charlie-Anne	f	68
Charlie-Maude	f	13
Charlie Rose	f	49
Charlie-Rose	f	348
Charline	f	394
Charlize	f	90
Charlotte	f	7629
Charly	f	173
Charly-Ann	f	19
Charlye	f	107
Charlyn	f	11
Charlyne	f	133
Charly-Rose	f	23
Charmaine	f	21
Chatelaine	f	11
Chava	f	69
Chavy	f	26
Chaya	f	275
Chaya Mushka	f	63
Chayma	f	40
Chaymaa	f	24
Chaymae	f	25
Chelsea	f	930
Chelsey	f	146
Chelsie	f	30
Chelsy	f	87
Chen	f	20
Cherine	f	31
Cherish	f	20
Cherry	f	15
Cheryl	f	132
Cheyanne	f	23
Cheyenne	f	93
Chiara	f	262
Chiraz	f	29
Chirine	f	33
Chloe	f	9619
Chloee	f	130
Chloey	f	19
Chourouk	f	13
Chrisoula	f	14
Chrissy	f	25
Christa	f	74
Christal	f	28
Christel	f	202
Christele	f	20
Christella	f	21
Christelle	f	901
Christian	f	21
Christiana	f	46
Christiane	f	233
Christianne	f	30
Christie	f	72
Christin	f	12
Christina	f	3156
Christine	f	4519
Christopher	f	31
Christy	f	56
Christyna	f	18
Christyne	f	22
Chrystal	f	47
Chrystel	f	116
Chrystelle	f	107
Chrystina	f	27
Chrystine	f	24
Ciana	f	12
Ciara	f	70
Ciera	f	14
Cierra	f	26
Cilia	f	13
Cindie	f	56
Cindy	f	4777
Cinthia	f	311
Cinthya	f	103
Cintia	f	28
Cinzia	f	25
Claire	f	821
Clara	f	4755
Clara-Eve	f	17
Clara Maria	f	12
Clara-Maude	f	16
Clarance	f	12
Clara-Rose	f	21
Clare	f	29
Clarence	f	113
Clarice	f	36
Clarissa	f	79
Clarisse	f	144
Clarita	f	13
Claude	f	280
Claudel	f	94
Claudele	f	21
Claudelle	f	117
Claudette	f	31
Claudia	f	4750
Claudiane	f	126
Claudianne	f	30
Claudie	f	1305
Claudie Anne	f	28
Claudine	f	935
Claudy	f	127
Claudya	f	71
Clea	f	77
Clelia	f	22
Clemence	f	1163
Clementine	f	337
Cleo	f	120
Cleopatra	f	15
Cleophee	f	25
Clhoe	f	23
Clodie	f	73
Clodine	f	41
Clody	f	15
Cloe	f	1684
Cloee	f	66
Cloey	f	15
Clothilde	f	58
Clotilde	f	39
Clover	f	11
Cody	f	22
Coleen	f	14
Colette	f	59
Coline	f	27
Colleen	f	69
Colombe	f	63
Concetta	f	23
Connie	f	95
Constance	f	797
Constantina	f	58
Constantine	f	11
Constanza	f	12
Cora	f	59
Coral	f	20
Cora-Lee	f	28
Coralee	f	30
Corali	f	18
Coralia	f	15
Coralie	f	5045
Coraline	f	115
Corallie	f	14
Corally	f	13
Coraly	f	334
Coralye	f	26
Coralyne	f	24
Cordelia	f	34
Corie	f	12
Corina	f	87
Corine	f	242
Corinna	f	28
Corinne	f	1135
Cornelia	f	12
Corrina	f	27
Corrine	f	45
Cortney	f	13
Cory	f	13
Coryne	f	18
Corynne	f	15
Coumba	f	25
Courtney	f	264
Cristal	f	46
Cristel	f	64
Cristelle	f	82
Cristiana	f	18
Cristina	f	544
Cristine	f	38
Crystal	f	411
Crystale	f	16
Crystel	f	174
Crystelle	f	62
Cybel	f	26
Cybele	f	30
Cybelle	f	23
Cylia	f	47
Cyndel	f	12
Cyndi	f	101
Cyndia	f	33
Cyndie	f	170
Cyndy	f	36
Cynthia	f	7324
Cynthia Ann	f	12
Cyntia	f	121
Cyrielle	f	17
Cyrine	f	88
Dafne	f	43
Dafnee	f	27
Dafney	f	28
Dahlia	f	716
Dahlie	f	14
Dahlya	f	26
Daiana	f	11
Daina	f	37
Daisy	f	412
Dajana	f	15
Dakota	f	86
Dalal	f	30
Dalhia	f	29
Dali	f	107
Dalia	f	689
Daliah	f	31
Daliane	f	69
Dalianne	f	26
Dalida	f	16
Dalie	f	233
Dalila	f	45
Dalilah	f	12
Daline	f	11
Daly	f	29
Dalya	f	145
Dalyane	f	19
Dalyanne	f	19
Damaris	f	17
Damia	f	26
Damla	f	12
Damya	f	51
Dana	f	521
Danae	f	511
Danaee	f	74
Danaelle	f	88
Dana-Eve	f	21
Danaeve	f	26
Danah	f	23
Danahe	f	46
Danahee	f	72
Danai	f	14
Dani	f	20
Dania	f	366
Danica	f	189
Danick	f	14
Danicka	f	20
Danie	f	49
Daniel	f	46
Daniela	f	640
Daniela Alejandra	f	18
Daniele	f	103
Daniella	f	311
Danielle	f	977
Danijela	f	12
Danika	f	772
Daniya	f	14
Danna	f	77
Dannie	f	23
Danny	f	68
Dannyka	f	15
Dany	f	91
Danya	f	145
Danyka	f	241
Daphnay	f	14
Daphne	f	2466
Daphnee	f	3684
Daphney	f	301
Daphnie	f	11
Dara	f	63
Darcie	f	17
Darcy	f	49
Daria	f	271
Dariana	f	21
Dariane	f	42
Darianne	f	36
Darina	f	29
Darine	f	74
Dariya	f	16
Darla	f	27
Darlene	f	80
Darline	f	41
Darling	f	13
Darquise	f	16
Darya	f	79
Daryane	f	13
Daryna	f	12
Dasha	f	14
Dassine	f	51
Dave	f	14
David	f	72
Davina	f	79
Dawn	f	59
Daya	f	19
Dayana	f	135
Dayanna	f	26
Dayna	f	95
Dea	f	29
Deanna	f	59
Deanne	f	11
Debbie	f	188
Debby	f	76
Debora	f	103
Deborah	f	399
Debra	f	36
Deema	f	17
Deena	f	37
Deidra	f	16
Deidre	f	19
Deirdre	f	20
Deitane	f	15
Delaney	f	25
Delfina	f	14
Delia	f	147
Delilah	f	43
Delina	f	18
Della	f	19
Delphee	f	24
Delphie	f	25
Delphine	f	2593
Delphyne	f	54
Delsa	f	14
Delya	f	15
Demetra	f	25
Demi	f	33
Demitra	f	29
Demy	f	13
Dena	f	24
Denisa	f	27
Denise	f	175
Denisha	f	12
Deniz	f	22
Derek	f	15
Derya	f	19
Desiree	f	144
Desislava	f	13
Desneiges	f	21
Despina	f	73
Destinee	f	33
Destiney	f	12
Destiny	f	199
Deva	f	17
Devan	f	11
Devin	f	13
Devoiry	f	14
Devon	f	25
Devora	f	43
Devorah	f	70
Devorah Leah	f	24
Devyn	f	11
Dhalia	f	13
Dhara	f	11
Di	f	15
Dia	f	21
Diala	f	23
Diana	f	1074
Diana Carolina	f	25
Diana Marcela	f	13
Diana Maria	f	17
Diandra	f	26
Diane	f	447
Dianna	f	32
Dianne	f	29
Diba	f	26
Dieynaba	f	25
Dihia	f	16
Dihya	f	23
Dijana	f	13
Dilan	f	20
Dilara	f	32
Dima	f	94
Dimitra	f	117
Dina	f	569
Dinah	f	38
Dionisia	f	13
Dior	f	11
Disha	f	11
Divina	f	11
Divine	f	79
Divya	f	33
Diya	f	61
Djamila	f	36
Djana	f	11
Djeneba	f	19
Djihane	f	14
Doaa	f	27
Doha	f	74
Doina	f	11
Dolly	f	18
Dolores	f	50
Domenica	f	25
Dominic	f	65
Dominick	f	17
Dominik	f	34
Dominika	f	18
Dominique	f	2154
Dona	f	25
Donia	f	55
Donna	f	117
Donya	f	34
Dora	f	82
Dorcas	f	42
Doreen	f	48
Doress	f	12
Doria	f	26
Doriane	f	229
Dorianne	f	156
Dorina	f	21
Dorine	f	33
Doris	f	86
Dorota	f	16
Dorothe	f	15
Dorothee	f	409
Dorothy	f	90
Dorra	f	28
Dorsa	f	20
Doryane	f	22
Doryanne	f	14
Douaa	f	67
Douae	f	31
Dounia	f	141
Dounya	f	16
Dragana	f	18
Drew	f	16
Dua	f	29
Duaa	f	16
Dulce	f	11
Dulce Maria	f	11
Dunya	f	15
Dyana	f	23
Dylan	f	41
Dylane	f	97
Dylanne	f	17
Dyna	f	52
Ebony	f	20
Ecaterina	f	45
Eda	f	17
Eden	f	361
Edith	f	1017
Edna	f	26
Edwidge	f	12
Edwige	f	14
Edwina	f	19
Edwine	f	11
Eesha	f	16
Effie	f	36
Effy	f	14
Eftihia	f	11
Eglantine	f	12
Eileen	f	74
Ekaterina	f	145
Ekaterini	f	39
Ela	f	42
Elaha	f	19
Elaina	f	66
Elaine	f	374
Elaisa	f	18
Elana	f	59
Elanie	f	15
Elaura	f	35
Elayna	f	15
Elda	f	15
Elea	f	157
Eleana	f	75
Eleane	f	40
Eleanna	f	15
Eleanne	f	12
Eleanor	f	284
Eleanore	f	124
Electra	f	12
Eleftheria	f	23
Elektra	f	18
Elen	f	21
Elena	f	1853
Elene	f	26
Eleni	f	165
Elenie	f	24
Elenna	f	17
Eleny	f	13
Eleonie	f	16
Eleonor	f	63
Eleonora	f	41
Eleonore	f	1536
Elfee	f	22
Elfie	f	11
Elham	f	21
Eli	f	27
Elia	f	424
Eliakim	f	12
Eliana	f	740
Eliane	f	3328
Elianna	f	125
Eli-Anne	f	13
Elianne	f	526
Elia-Rose	f	14
Elicia	f	46
Elie	f	692
Elie-Ann	f	27
Elie Anne	f	23
Elie-Anne	f	52
Elie-Jade	f	54
Elie-Maude	f	11
Elie-Rose	f	114
Elif	f	58
Elijade	f	11
Elijah	f	11
Elika	f	44
Elikya	f	14
Elin	f	23
Elina	f	278
Eline	f	91
Elinor	f	31
Eliora	f	30
Eli-Rose	f	14
Elirose	f	15
Elisa	f	863
Elisabel	f	14
Elisabelle	f	68
Elisabeth	f	4135
Elisabetta	f	28
Elisane	f	11
Elisanne	f	23
Elisapee	f	16
Elisapi	f	38
Elisapie	f	29
Elise	f	2062
Elisee	f	13
Elisha	f	71
Elisheva	f	30
Elisia	f	17
Elissa	f	297
Elissar	f	12
Elissia	f	18
Eliya	f	16
Eliyah	f	15
Eliza	f	333
Elizabel	f	19
Elizabelle	f	37
Elizabet	f	14
Elizabeth	f	6762
Elizabeth Ann	f	24
Elizabeth Anne	f	11
Elizaveta	f	71
Elize	f	11
Elka	f	18
Ella	f	1047
Ella Grace	f	11
Ellana	f	12
Ella Rose	f	22
Ella-Rose	f	24
Elle	f	52
Ellen	f	88
Ellena	f	21
Elli	f	20
Ellia	f	44
Elliana	f	36
Elliane	f	13
Ellie	f	1278
Ellie-Anne	f	15
Ellie-Jade	f	19
Ellie Rose	f	12
Ellie-Rose	f	38
Ellora	f	13
Elly	f	208
Ellya	f	13
Elly-Ann	f	13
Elly-Anne	f	12
Ellye	f	12
Elly-Jade	f	14
Elly-Rose	f	23
Elma	f	33
Elmira	f	13
Elnaz	f	16
Eloane	f	47
Elodia	f	19
Elodie	f	5291
Elody	f	477
Elodye	f	28
Eloise	f	3242
Eloize	f	61
Elona	f	16
Elora	f	219
Elorah	f	16
Elorie	f	61
Eloyse	f	14
Elsa	f	1040
Elsie	f	250
Elssa	f	14
Elsy	f	44
Elvira	f	42
Ely	f	132
Elya	f	178
Elyana	f	200
Elyane	f	475
Ely-Ann	f	79
Elyann	f	67
Ely-Anna	f	19
Elyanna	f	94
Ely-Anne	f	20
Elyanne	f	187
Elya-Rose	f	12
Elycia	f	37
Elye	f	23
Ely-Jade	f	52
Elyjade	f	12
Elyka	f	16
Elyna	f	53
Elyne	f	36
Ely-Rose	f	108
Elyrose	f	85
Elysa	f	140
Elysabelle	f	23
Elysabeth	f	156
Elysane	f	11
Elysanne	f	19
Elyse	f	1005
Elysee	f	20
Elysha	f	11
Elysia	f	40
Elyssa	f	260
Elyssia	f	39
Elyza	f	45
Elyzabeth	f	166
Elza	f	77
Ema	f	259
Emaan	f	29
Emaelle	f	16
Emalie	f	13
Emaly	f	17
Eman	f	36
Emanuela	f	41
Emanuele	f	13
Emanuella	f	27
Emanuelle	f	362
Ema-Rose	f	29
Ember	f	16
Emelia	f	26
Emelie	f	269
Emeline	f	66
Emely	f	48
Emelyne	f	20
Emerald	f	16
Emeraude	f	199
Emerson	f	19
Emery	f	28
Emi	f	65
Emia	f	13
Emie	f	735
Emie-Rose	f	13
Emile	f	45
Emilee	f	16
Emili	f	22
Emilia	f	741
Emiliana	f	28
Emiliane	f	34
Emilianne	f	18
Emilie	f	17176
Emilie Anne	f	33
Emilie-Anne	f	17
Emilie Jade	f	12
Emilienne	f	12
Emilie Rose	f	26
Emilie-Rose	f	75
Emillie	f	15
Emilly	f	22
Emilou	f	12
Emily	f	3663
Emilya	f	34
Emily Ann	f	20
Emily-Ann	f	16
Emily Anne	f	14
Emilye	f	26
Emily Marie	f	11
Emily Rose	f	24
Emily-Rose	f	48
Emina	f	35
Emine	f	17
Emira	f	11
Emma	f	9460
Emmaelle	f	16
Emma-Eve	f	15
Emma-Jade	f	20
Emma Jane	f	14
Emma-Jeanne	f	11
Emma Lee	f	13
Emma-Lee	f	31
Emmalee	f	20
Emmalie	f	19
Emma Maria	f	17
Emmanuel	f	39
Emmanuela	f	77
Emmanuella	f	187
Emmanuelle	f	3058
Emma Rose	f	120
Emma-Rose	f	625
Emma Sofia	f	23
Emma Victoria	f	11
Emmeline	f	24
Emmeraude	f	12
Emmi	f	12
Emmie	f	190
Emmy	f	1547
Emmylou	f	20
Emmy-Rose	f	40
Emna	f	88
Emy	f	4061
Emya	f	20
Emy-Ann	f	18
Emye	f	20
Emy Jade	f	18
Emy-Jade	f	182
Emy-Lee	f	47
Emylee	f	15
Emylia	f	75
Emyliane	f	15
Emylianne	f	16
Emylie	f	160
Emylou	f	21
Emy Rose	f	21
Emy-Rose	f	309
Emyrose	f	25
Ena	f	29
Engy	f	12
Enola	f	52
Enora	f	93
Enrica	f	11
Enrika	f	36
Enya	f	146
Enza	f	25
Eolie	f	11
Era	f	11
Eric	f	39
Erica	f	791
Ericka	f	215
Erika	f	3081
Erin	f	415
Erina	f	13
Erline	f	12
Eryka	f	125
Eryn	f	19
Esha	f	20
Eshaal	f	20
Eshal	f	25
Esma	f	36
Esmay	f	15
Esme	f	82
Esmee	f	124
Esmeralda	f	91
Esperance	f	40
Esperanza	f	21
Esra	f	31
Esraa	f	22
Essia	f	11
Estee	f	12
Estefania	f	49
Estel	f	23
Estela	f	15
Estella	f	29
Estelle	f	1366
Ester	f	71
Estera	f	13
Esthel	f	17
Esther	f	1337
Estrella	f	23
Esty	f	30
Ethel	f	22
Etia	f	12
Etienne	f	46
Etty	f	27
Eugenelle	f	34
Eugenette	f	16
Eugenia	f	82
Eugenie	f	845
Eulalie	f	29
Eunice	f	107
Eva	f	4589
Evaelle	f	57
Eva-Lee	f	18
Evalie	f	58
Evaly	f	38
Eva Maria	f	26
Eva-Maria	f	22
Eva Marie	f	18
Eva-Marie	f	12
Eva-Maude	f	48
Evan	f	16
Evana	f	46
Evane	f	14
Evangelia	f	78
Evangelina	f	29
Evangeline	f	175
Evangelyne	f	12
Evanie	f	35
Evanna	f	26
Evanthia	f	26
Evany	f	40
Eva Rose	f	56
Eva-Rose	f	325
Evarose	f	20
Eva Sofia	f	11
Evdokia	f	12
Eve	f	5249
Eve Catherine	f	11
Eve-Laurie	f	19
Evelin	f	13
Evelina	f	92
Eve Line	f	14
Eveline	f	246
Evely	f	25
Evelyn	f	577
Eve Lyne	f	73
Eve-Lyne	f	37
Evelyne	f	2548
Evelynn	f	33
Eve Marie	f	264
Eve-Marie	f	511
Everleigh	f	20
Everly	f	137
Eve-Sophie	f	20
Evgenia	f	19
Evie	f	94
Evita	f	14
Evlyn	f	16
Evlyne	f	13
Evodie	f	13
Evy	f	107
Ewa	f	20
Exaucee	f	12
Eya	f	130
Eza	f	11
Ezra	f	21
Fabiana	f	54
Fabie	f	32
Fabienne	f	200
Fabiola	f	170
Fabrice	f	46
Fadi	f	22
Fadia	f	32
Fadila	f	18
Fadima	f	11
Fadoua	f	11
Fadwa	f	32
Fady	f	12
Fae	f	14
Fahima	f	24
Fahmida	f	11
Faiga	f	16
Faigy	f	153
Fairouz	f	16
Faith	f	278
Faiza	f	66
Fallon	f	46
Fallone	f	11
Falonne	f	11
Fama	f	14
Fania	f	13
Fanie	f	181
Fannie	f	769
Fanny	f	2800
Fanta	f	61
Fany	f	208
Fara	f	13
Farah	f	485
Farahnaz	f	19
Farhana	f	25
Farheen	f	13
Faria	f	18
Farida	f	85
Fariha	f	27
Farkhunda	f	17
Farrah	f	71
Farzana	f	49
Fatema	f	60
Fatemeh	f	36
Faten	f	37
Fathima	f	16
Fatiha	f	34
Fatim	f	13
Fatima	f	949
Fatima Azzahra	f	13
Fatima Ezzahra	f	32
Fatimah	f	49
Fatimata	f	31
Fatimatou	f	19
Fatima Zahra	f	122
Fatima-Zahra	f	67
Fatima Zahrae	f	13
Fatima Zohra	f	36
Fatima-Zohra	f	14
Fatime	f	26
Fatine	f	25
Fatma	f	164
Fatma Zohra	f	11
Fatme	f	43
Fatou	f	85
Fatou Kine	f	13
Fatouma	f	13
Fatoumata	f	206
Fatoumata Binta	f	33
Faustine	f	20
Fauve	f	60
Fay	f	175
Faye	f	91
Federica	f	16
Fee	f	42
Fee-Lycia	f	11
Fei	f	11
Feigy	f	12
Felicia	f	1195
Felicie	f	69
Felicite	f	49
Felicity	f	39
Felicya	f	33
Felie	f	16
Felisha	f	22
Felix	f	30
Felixe	f	156
Felixia	f	22
Fella	f	15
Felycia	f	97
Feriel	f	102
Fernanda	f	59
Fey	f	12
Fidji	f	28
Fidjie	f	13
Filomena	f	21
Finley	f	23
Fiona	f	405
Fiorella	f	40
Firdaous	f	24
Firdaws	f	26
Fiza	f	19
Flavia	f	58
Flavie	f	2521
Flavy	f	33
Flechane	f	11
Flechanne	f	13
Flechelle	f	51
Flechere	f	51
Fleur	f	56
Flora	f	451
Floralie	f	181
Florance	f	115
Florane	f	52
Floranne	f	44
Flore	f	171
Florence	f	10114
Florencia	f	33
Florentine	f	18
Floriane	f	186
Florianne	f	104
Florie	f	70
Florine	f	16
Fotini	f	31
Fradel	f	24
Frady	f	18
Fraida	f	12
Fraidy	f	29
Franca	f	27
France	f	541
Frances	f	54
Francesca	f	743
Franceska	f	131
Franchesca	f	49
Francheska	f	75
Francia	f	20
Francine	f	152
Francis	f	60
Francisca	f	100
Franciska	f	19
Francois	f	33
Francoise	f	229
Frankie	f	22
Frederic	f	61
Frederica	f	20
Frederick	f	74
Fredericke	f	67
Frederik	f	97
Frederika	f	43
Frederike	f	290
Frederique	f	4573
Frederyke	f	30
Frederyque	f	11
Freeda	f	12
Freida	f	15
Freshta	f	18
Freya	f	77
Freyja	f	11
Frida	f	71
Frieda	f	19
Frimet	f	11
Frimy	f	33
Furaha	f	16
Gabie	f	22
Gabriel	f	108
Gabriela	f	659
Gabriele	f	143
Gabriella	f	1280
Gabrielle	f	12873
Gabrielle Anne	f	18
Gabrielle-Anne	f	22
Gabryele	f	13
Gabryelle	f	129
Gaby	f	90
Gacia	f	16
Gael	f	67
Gaele	f	24
Gaelle	f	772
Gaetane	f	23
Gagandeep	f	12
Gaia	f	151
Gail	f	29
Gala	f	14
Galadriel	f	21
Galadrielle	f	14
Galia	f	25
Galina	f	17
Ganna	f	14
Garance	f	33
Garine	f	14
Gassia	f	13
Gaya	f	22
Gayle	f	20
Geena	f	12
Gemma	f	148
Gena	f	13
Genesis	f	75
Geneva	f	30
Geneve	f	66
Genevieve	f	12792
Genna	f	16
Genny	f	19
Gentiane	f	18
Georgette	f	33
Georgia	f	308
Georgiana	f	18
Georgie	f	12
Georgina	f	56
Geraldine	f	206
Gergana	f	11
Germaine	f	14
Gertrude	f	11
Gessica	f	26
Ghada	f	35
Ghadeer	f	13
Ghadir	f	24
Ghalia	f	45
Ghazal	f	50
Ghena	f	12
Ghina	f	27
Ghislaine	f	43
Ghita	f	235
Ghizlane	f	26
Ghyslaine	f	13
Gia	f	98
Giada	f	73
Gianna	f	100
Gifty	f	11
Gilda	f	12
Gillian	f	78
Gina	f	242
Ginette	f	60
Ginger	f	22
Ginny	f	11
Gioia	f	26
Giovanna	f	108
Gisela	f	13
Gisele	f	220
Giselle	f	81
Gitane	f	14
Gittel	f	34
Gitty	f	119
Giulia	f	255
Giuliana	f	132
Giulianna	f	14
Giuseppina	f	72
Gladys	f	63
Glenda	f	21
Gloria	f	469
Glorianne	f	15
Glory	f	19
Glorya	f	11
Golda	f	17
Goldie	f	32
Goldy	f	72
Grace	f	737
Grace Divine	f	16
Gracia	f	45
Gracie	f	42
Graciela	f	26
Gracielle	f	24
Gracy	f	12
Graziella	f	22
Grecia	f	11
Greta	f	36
Guadalupe	f	22
Guenievre	f	11
Guerline	f	19
Guila	f	14
Guillaume	f	45
Gurleen	f	33
Gurleen Kaur	f	14
Gurpreet	f	18
Guyanne	f	21
Guylaine	f	415
Guylene	f	13
Gwen	f	26
Gwenaelle	f	43
Gwendoline	f	28
Gwendolyn	f	36
Gwendolyne	f	13
Gwyneth	f	15
Habiba	f	54
Haby	f	11
Hadassa	f	61
Hadassah	f	43
Hadeel	f	25
Hadia	f	67
Hadiatou	f	15
Hadil	f	55
Hadiya	f	15
Hadjar	f	16
Hadjer	f	69
Hadley	f	18
Hafsa	f	203
Hafsah	f	20
Hafssa	f	25
Haidy	f	11
Haifa	f	13
Hailee	f	24
Hailey	f	612
Hailie	f	76
Haily	f	46
Hajar	f	342
Hajer	f	37
Hajra	f	13
Hajrah	f	11
Hala	f	172
Haleema	f	14
Haley	f	212
Halima	f	84
Halimatou	f	16
Halle	f	17
Hallie	f	23
Hally	f	20
Hamida	f	12
Hamna	f	20
Han	f	20
Hana	f	305
Hanaa	f	56
Hanae	f	96
Hanah	f	11
Hanan	f	48
Hanane	f	95
Haneen	f	29
Hani	f	13
Hania	f	42
Hanifa	f	19
Hanin	f	19
Hanine	f	29
Haniya	f	30
Hanna	f	305
Hannah	f	872
Haoua	f	14
Hareem	f	17
Harini	f	12
Harleen	f	18
Harleen Kaur	f	17
Harley	f	44
Harlow	f	19
Harmonie	f	46
Harmony	f	69
Harper	f	55
Harpreet	f	26
Harriet	f	29
Hasna	f	28
Hasnaa	f	11
Hassina	f	13
Hasti	f	15
Hatice	f	30
Havana	f	13
Haven	f	12
Hawa	f	101
Hawraa	f	18
Haya	f	67
Hayat	f	22
Hayden	f	60
Haylee	f	103
Hayley	f	173
Haylie	f	130
Hazal	f	13
Hazel	f	137
Heather	f	230
Heaven	f	36
Heavenly	f	21
Heba	f	81
Heena	f	18
Heidi	f	998
Heidie	f	19
Heidy	f	118
Helen	f	258
Helena	f	584
Helene	f	1643
Helia	f	47
Helin	f	13
Helina	f	11
Hellen	f	20
Helly	f	13
Heloise	f	530
Helsa	f	26
Hemi	f	14
Hemy	f	14
Hend	f	15
Henna	f	12
Henny	f	29
Henriette	f	32
Hera	f	22
Hermione	f	16
Hiba	f	616
Hibah	f	15
Hibat Allah	f	12
Hidaya	f	44
Hila	f	22
Hilal	f	15
Hilarie	f	11
Hilary	f	80
Hilda	f	28
Hillary	f	63
Hina	f	38
Hind	f	170
Hinda	f	28
Hindy	f	84
Hira	f	23
Hoang	f	12
Hoda	f	40
Hodan	f	11
Hodaya	f	13
Hollie	f	32
Holly	f	278
Holy	f	15
Honey	f	14
Honorine	f	13
Hope	f	288
Hortense	f	33
Hosanna	f	15
Houda	f	129
Houria	f	24
Huda	f	53
Hugo	f	11
Huguette	f	15
Huma	f	19
Humaira	f	15
Hunter	f	17
Husna	f	24
Iana	f	31
Ibtihal	f	16
Ibtissam	f	40
Ibtissem	f	31
Ichrak	f	20
Ida	f	63
Idil	f	11
Idy	f	16
Ihsan	f	12
Ihsane	f	18
Ihssane	f	23
Ikhlas	f	18
Ikram	f	187
Ikrame	f	35
Ila	f	11
Ilaf	f	16
Ilana	f	97
Ilaria	f	17
Ileana	f	29
Ilef	f	30
Ilham	f	35
Ilhem	f	15
Iliana	f	111
Ilina	f	15
Ilinca	f	34
Ilona	f	60
Ilyana	f	77
Ima	f	38
Imaan	f	19
Iman	f	165
Imane	f	628
Imani	f	57
Imany	f	13
Imelda	f	13
Imen	f	75
Imene	f	224
Imogen	f	14
Ina	f	48
Inaaya	f	21
Inara	f	26
Inas	f	108
Inass	f	69
Inasse	f	24
Inaya	f	92
Inayah	f	12
India	f	146
Indiana	f	23
Indira	f	24
Indra	f	11
Indya	f	22
Ines	f	1229
Iness	f	89
Inesse	f	17
Inga	f	15
Ingrid	f	294
Inna	f	15
Insaf	f	24
Ioana	f	111
Ioanna	f	83
Iona	f	24
Ioulia	f	21
Iqra	f	52
Ira	f	11
Ireland	f	12
Irem	f	11
Irena	f	33
Irene	f	263
Irina	f	178
Irini	f	25
Iris	f	465
Irma	f	36
Iryna	f	20
Isa	f	38
Isabeau	f	23
Isabel	f	529
Isabela	f	101
Isabella	f	1535
Isabella Maria	f	11
Isabella Rose	f	12
Isabelle	f	12129
Isabelle Anne	f	11
Isadora	f	106
Isa-Eve	f	12
Isalie	f	24
Isaura	f	12
Isaure	f	13
Iseult	f	20
Isha	f	61
Isidora	f	15
Isis	f	72
Isla	f	129
Islam	f	17
Islande	f	11
Islem	f	11
Ismaelle	f	21
Isobel	f	24
Isra	f	81
Israa	f	164
Israe	f	64
Issa	f	14
Issra	f	17
Itzel	f	24
Iulia	f	64
Iuliana	f	14
Iva	f	27
Ivana	f	172
Ivanie	f	31
Ivanka	f	24
Ivanna	f	46
Ivona	f	20
Ivy	f	401
Iza	f	15
Izabel	f	35
Izabela	f	22
Izabella	f	58
Izabelle	f	20
Izadora	f	11
Izia	f	14
Izza	f	16
Jacinte	f	11
Jacinthe	f	1247
Jackeline	f	12
Jackie	f	197
Jacklyn	f	31
Jacky	f	42
Jaclyn	f	66
Jacob	f	20
Jacqueline	f	401
Jacynte	f	12
Jacynthe	f	520
Jada	f	83
Jade	f	10116
Jade Audrey	f	11
Jadelie	f	12
Jaden	f	13
Jadyn	f	11
Jadzia	f	23
Jael	f	72
Jaelle	f	218
Jahel	f	17
Jaida	f	23
Jaime	f	51
Jaimee	f	14
Jaimie	f	56
Jaimy	f	13
Jaina	f	22
Jakie	f	11
Jalila	f	15
James	f	19
Jamie	f	472
Jamie Lee	f	70
Jamie-Lee	f	42
Jamie Lynn	f	12
Jamila	f	66
Jamy	f	12
Jana	f	561
Janan	f	12
Janani	f	17
Janat	f	12
Jane	f	362
Janel	f	28
Janelle	f	205
Janessa	f	49
Janet	f	86
Janette	f	19
Jani	f	36
Janic	f	34
Janice	f	155
Janick	f	358
Janie	f	1757
Janie Claude	f	13
Janik	f	127
Janika	f	75
Janina	f	24
Janine	f	43
Janique	f	84
Janis	f	97
Janna	f	117
Jannah	f	41
Jannat	f	128
Jannate	f	33
Janne	f	36
Jannick	f	73
Jannie	f	138
Jannik	f	13
Janny	f	110
Janou	f	13
Jany	f	259
Janyck	f	12
Janyka	f	17
Jaqueline	f	17
Jasleen	f	40
Jasleen Kaur	f	19
Jasmeen	f	15
Jasmeen Kaur	f	12
Jasmin	f	102
Jasmina	f	45
Jasmine	f	4350
Jasmyn	f	14
Jasmyne	f	106
Jason	f	25
Jaspreet	f	23
Jaspreet Kaur	f	14
Javeria	f	11
Javiera	f	20
Jaya	f	34
Jaycee	f	11
Jayda	f	60
Jayde	f	37
Jayden	f	26
Jayla	f	46
Jaylah	f	11
Jayme	f	26
Jaymee	f	15
Jaymie	f	59
Jayna	f	33
Jayne	f	28
Jazmin	f	35
Jazmine	f	93
Jazmyn	f	15
Jazz	f	18
Jean	f	25
Jeane	f	16
Jeanette	f	13
Jean Francois	f	22
Jeanie	f	30
Jeanine	f	16
Jeanna	f	13
Jeanne	f	3662
Jeanne Marie	f	11
Jeannette	f	42
Jeannie	f	168
Jeannine	f	22
Jeanny	f	26
Jean Philippe	f	24
Jeffrey	f	13
Jelena	f	50
Jemima	f	87
Jemina	f	17
Jemma	f	29
Jena	f	39
Jenelle	f	13
Jenessa	f	24
Jenevieve	f	21
Jenifael	f	13
Jenifer	f	108
Jenika	f	14
Jenisha	f	11
Jenna	f	552
Jennah	f	24
Jennefer	f	40
Jennica	f	17
Jennie	f	187
Jennifer	f	6007
Jennifer Ann	f	30
Jennifer Anne	f	17
Jennifer Lee	f	15
Jennifer Lynn	f	20
Jennika	f	17
Jennilee	f	14
Jennily	f	15
Jenny	f	1331
Jennyfer	f	624
Jennyka	f	26
Jenny Lee	f	62
Jenny-Lee	f	44
Jennylee	f	22
Jennylie	f	12
Jenyfer	f	33
Jeremie	f	44
Jeremy	f	29
Jerica	f	16
Jerika	f	11
Jerome	f	11
Jersey	f	20
Jerusha	f	11
Jesabel	f	13
Jesica	f	28
Jesika	f	14
Jessa	f	26
Jesse	f	68
Jesseca	f	22
Jessey	f	15
Jessi	f	22
Jessica	f	16829
Jessica A	f	14
Jessica Ann	f	27
Jessica Anne	f	24
Jessica L	f	15
Jessica Lee	f	21
Jessica Lynn	f	25
Jessica M	f	15
Jessica Maria	f	18
Jessica Marie	f	28
Jessica Rose	f	12
Jessie	f	1816
Jessie Ann	f	22
Jessie Anne	f	19
Jessie-Anne	f	11
Jessika	f	1238
Jessy	f	940
Jessy Ann	f	12
Jessy-Ann	f	14
Jessyca	f	497
Jessye	f	34
Jessyka	f	324
Jewel	f	26
Jezabel	f	99
Jezabelle	f	18
Jhade	f	16
Jia	f	24
Jia Qi	f	14
Jiaqi	f	16
Jia Xin	f	11
Jia Yi	f	24
Jiayi	f	45
Jia Ying	f	11
Jiayue	f	11
Jida	f	11
Jie	f	12
Jihad	f	11
Jihan	f	11
Jihane	f	134
Jill	f	62
Jillian	f	172
Jimena	f	31
Jimmy	f	11
Jin	f	19
Jina	f	18
Jinan	f	32
Jinane	f	61
Jing	f	39
Jing Yi	f	15
Jingyi	f	13
Jinny	f	178
Jiya	f	25
Joalie	f	37
Joaly	f	13
Joan	f	53
Joana	f	83
Joane	f	33
Joani	f	27
Joanick	f	18
Joanie	f	5264
Jo Ann	f	14
Joanna	f	393
Jo Anne	f	18
Joanne	f	249
Jo Annie	f	196
Jo-Annie	f	43
Joannie	f	2386
Jo Anny	f	19
Joanny	f	216
Jo Any	f	12
Joany	f	431
Jocelyn	f	42
Jocelyne	f	157
Jodi	f	40
Jodie	f	75
Jody	f	73
Joe	f	14
Joee	f	14
Joel	f	26
Joele	f	15
Joelie	f	24
Joella	f	19
Joelle	f	2292
Joellie	f	22
Joelly	f	16
Joely	f	16
Joemie	f	16
Joeve	f	30
Joey	f	47
Johana	f	35
Johane	f	28
Johanie	f	521
Johanna	f	246
Johanne	f	521
Johannie	f	601
Johanny	f	88
Johany	f	87
Jolaine	f	97
Jolane	f	22
Jolene	f	177
Jolia	f	12
Joliane	f	288
Joliann	f	11
Jolianne	f	301
Jolie	f	55
Jolie-Ann	f	11
Jolie-Anne	f	29
Jolina	f	16
Joline	f	24
Jolyane	f	463
Joly-Ann	f	35
Jolyann	f	59
Joly-Anne	f	16
Jolyanne	f	205
Jolyne	f	15
Jomana	f	18
Jonathan	f	108
Joni	f	15
Jood	f	12
Jorane	f	63
Jordan	f	147
Jordana	f	89
Jordane	f	356
Jordann	f	11
Jordanna	f	17
Jordanne	f	77
Jordyn	f	74
Jorja	f	11
Jory	f	11
Jose	f	90
Joseane	f	19
Joseanne	f	34
Josee	f	2625
Josee Ann	f	42
Josee Anne	f	190
Josee-Anne	f	32
Josefina	f	15
Joseline	f	12
Josephine	f	438
Josette	f	20
Joshua	f	15
Josiane	f	2060
Josiann	f	13
Josianne	f	2066
Josie	f	100
Josie Ann	f	18
Josie Anne	f	38
Josie-Anne	f	18
Josyane	f	151
Josy Ann	f	14
Josy-Ann	f	11
Josyann	f	16
Josy Anne	f	12
Josyanne	f	102
Joud	f	60
Joude	f	12
Joudi	f	35
Joudia	f	47
Joudy	f	32
Joudya	f	12
Joumana	f	40
Jouri	f	31
Journey	f	12
Joury	f	55
Jovana	f	31
Joy	f	187
Joya	f	24
Joyce	f	334
Juana	f	29
Juanita	f	64
Jude	f	49
Judeline	f	12
Judi	f	17
Judie	f	11
Judith	f	1537
Judy	f	495
Judy Ann	f	41
Judy-Ann	f	22
Julia	f	4292
Julia Maria	f	12
Juliana	f	594
Juliane	f	510
Juliann	f	24
Julianna	f	301
Julianne	f	1945
Julia Rose	f	14
Julia-Rose	f	60
Julie	f	15822
Julie Ann	f	85
Julie-Ann	f	72
Julie Anna	f	15
Julie Anne	f	294
Julie-Anne	f	176
Julie Eve	f	19
Julie Kim	f	11
Julie Marie	f	12
Julie Maude	f	21
Julie-Maude	f	18
Julien	f	30
Julienne	f	39
Julie Pier	f	66
Julie-Pier	f	151
Julie-Rose	f	23
Juliet	f	117
Julieta	f	64
Julietta	f	15
Juliette	f	7048
Juline	f	13
Julissa	f	37
July	f	37
Julya	f	47
Julyane	f	27
July-Ann	f	22
Julyann	f	30
Julyanne	f	37
Jumana	f	21
June	f	122
Junie	f	23
Juniper	f	17
Juno	f	24
Justice	f	23
Justin	f	20
Justina	f	49
Justine	f	6222
Justyna	f	13
Justyne	f	28
Jyoti	f	12
Kacey	f	35
Kacy	f	28
Kadiatou	f	79
Kadidia	f	15
Kadidiatou	f	15
Kadidja	f	18
Kadija	f	23
Kady	f	13
Kaela	f	77
Kaeli	f	11
Kaelie	f	58
Kaella	f	42
Kaelle	f	31
Kaely	f	42
Kaelyn	f	22
Kaena	f	28
Kahina	f	56
Kaia	f	66
Kaila	f	284
Kailee	f	24
Kailey	f	63
Kaili	f	14
Kaily	f	48
Kailyn	f	22
Kaina	f	59
Kainat	f	13
Kaira	f	26
Kaisha	f	14
Kaissy	f	30
Kaitlin	f	137
Kaitlyn	f	327
Kaitlynn	f	19
Kaiya	f	20
Kaleigh	f	14
Kaley	f	24
Kali	f	97
Kalia	f	50
Kaliana	f	16
Kaliane	f	23
Kalianne	f	18
Kalie	f	55
Kalila	f	11
Kalina	f	91
Kalista	f	17
Kaliyah	f	15
Kalli	f	11
Kallie	f	29
Kalliopi	f	11
Kally	f	25
Kaly	f	23
Kalya	f	36
Kalyana	f	15
Kalyane	f	24
Kalyann	f	15
Kalyanne	f	14
Kalyna	f	47
Kamar	f	24
Kamelia	f	138
Kamelie	f	47
Kamely	f	15
Kamelya	f	65
Kami	f	20
Kamie	f	14
Kamila	f	152
Kamilah	f	25
Kamilia	f	93
Kamilla	f	25
Kamille	f	307
Kamilya	f	29
Kamryn	f	15
Kamy	f	23
Kamyla	f	16
Kamylia	f	34
Kamylle	f	81
Kanika	f	17
Kaoutar	f	39
Kaouthar	f	15
Kaouther	f	15
Kara	f	157
Karah	f	12
Kareem	f	15
Kareen	f	54
Kareena	f	17
Karel	f	234
Karele	f	30
Karell	f	76
Karelle	f	360
Karen	f	1256
Karene	f	72
Karenne	f	21
Kari	f	17
Kariane	f	323
Kariann	f	15
Karianne	f	592
Karie	f	11
Karim	f	21
Karima	f	81
Karin	f	93
Karina	f	1116
Karine	f	12316
Karinne	f	51
Karishma	f	18
Karissa	f	53
Karl	f	11
Karla	f	175
Karlane	f	20
Karlee	f	15
Karlene	f	11
Karlie	f	39
Karly	f	45
Karma	f	27
Karmen	f	16
Karo	f	13
Karol	f	19
Karolan	f	79
Karolane	f	857
Karol Ann	f	145
Karol-Ann	f	69
Karolann	f	221
Karol Anne	f	30
Karol-Anne	f	20
Karolanne	f	289
Karole Ann	f	12
Karole Anne	f	17
Karole-Anne	f	11
Karolina	f	78
Karoline	f	150
Karoll Ann	f	16
Karolyn	f	42
Karolyne	f	111
Karthika	f	12
Kary	f	11
Karyan	f	18
Karyane	f	73
Kary Ann	f	23
Kary-Ann	f	24
Karyann	f	48
Karyanne	f	62
Karyn	f	93
Karyna	f	63
Karyne	f	425
Karyssa	f	15
Kasandra	f	433
Kasey	f	75
Kasia	f	12
Kassandra	f	1736
Kassandre	f	108
Kassendra	f	22
Kassey	f	13
Kassia	f	48
Kassidy	f	56
Kassie	f	27
Kassy	f	117
Kassya	f	18
Kataleya	f	55
Katalina	f	34
Katalyna	f	14
Katarina	f	173
Katarzyna	f	50
Kate	f	1122
Katelin	f	17
Katelyn	f	203
Katelyne	f	17
Kate-Lynn	f	11
Katelynn	f	37
Kateri	f	88
Katerie	f	28
Katerina	f	226
Katerine	f	333
Kateryna	f	59
Kateryne	f	23
Katharina	f	49
Katharine	f	45
Katheleen	f	12
Katheline	f	11
Katherin	f	11
Katherina	f	66
Katherine	f	3241
Katheryn	f	27
Katheryne	f	108
Kathia	f	191
Kathiana	f	17
Kathie	f	107
Kathleen	f	1681
Kathlyn	f	18
Kathlyne	f	15
Kathrin	f	11
Kathrina	f	20
Kathrine	f	111
Kathryn	f	328
Kathryna	f	13
Kathryne	f	60
Kathy	f	1416
Kathya	f	100
Kati	f	15
Katia	f	986
Katiana	f	72
Katiane	f	14
Katie	f	424
Katina	f	23
Katleen	f	103
Katlyn	f	21
Katrin	f	22
Katrina	f	621
Katrine	f	468
Katry	f	14
Katryn	f	49
Katryna	f	42
Katryne	f	95
Katty	f	62
Katy	f	951
Katya	f	172
Katyana	f	19
Kavita	f	16
Kawtar	f	115
Kawthar	f	56
Kawther	f	12
Kay	f	13
Kaya	f	88
Kaycee	f	25
Kaycie	f	12
Kaydence	f	23
Kayla	f	2685
Kayla Ann	f	15
Kaylah	f	32
Kayla Marie	f	22
Kaylan	f	16
Kaylann	f	12
Kayle	f	11
Kaylee	f	380
Kaylee-Ann	f	18
Kayleen	f	17
Kayleigh	f	98
Kaylen	f	13
Kayley	f	37
Kayli	f	15
Kaylia	f	73
Kayliah	f	15
Kayliane	f	33
Kaylianne	f	15
Kaylie	f	179
Kaylin	f	27
Kaylla	f	16
Kaylyn	f	14
Kaylynn	f	13
Kayna	f	29
Kayra	f	23
Kaysha	f	24
Kaysie	f	13
Kayssie	f	14
Ke	f	14
Keana	f	39
Keanna	f	24
Keara	f	15
Keely	f	15
Keena	f	29
Keera	f	11
Keerthana	f	11
Keesha	f	28
Keila	f	74
Keily	f	11
Keira	f	256
Keisha	f	122
Keith	f	12
Kelia	f	112
Keliane	f	188
Kelianne	f	67
Kelina	f	16
Kella	f	11
Kelley	f	26
Kelli	f	19
Kelliane	f	45
Kellianne	f	25
Kellie	f	114
Kelly	f	2485
Kellya	f	67
Kellyan	f	33
Kellyane	f	204
Kelly-Ange	f	11
Kelly Ann	f	344
Kelly-Ann	f	1408
Kellyann	f	331
Kelly Anne	f	106
Kelly-Anne	f	433
Kellyanne	f	230
Kelly Marie	f	13
Kellyna	f	17
Kelly-Rose	f	35
Kelsea	f	26
Kelsey	f	306
Kelsie	f	37
Kelsy	f	36
Kelya	f	98
Kelyan	f	12
Kelyane	f	189
Kelyann	f	43
Kelyanne	f	51
Kelyna	f	18
Kenda	f	17
Kendall	f	30
Kendra	f	145
Kenia	f	34
Kenisha	f	13
Kenna	f	13
Kennedy	f	55
Kenny	f	12
Kenya	f	64
Kenza	f	613
Kenzie	f	62
Kenzy	f	38
Keona	f	11
Kerby	f	12
Keren	f	101
Kerene	f	11
Keri	f	15
Kerline	f	14
Kerri	f	20
Kerry	f	33
Kerry Ann	f	19
Kerry-Ann	f	14
Kesha	f	18
Keshia	f	36
Kesia	f	25
Kessy	f	79
Kethia	f	15
Ketia	f	18
Ketsia	f	101
Ketty	f	11
Ketura	f	13
Keven	f	14
Kevin	f	61
Kexin	f	12
Keya	f	11
Keyanna	f	18
Keyla	f	158
Keylia	f	15
Keyra	f	17
Keysha	f	43
Kezia	f	42
Keziah	f	39
Khadeeja	f	13
Khadidiatou	f	21
Khadidja	f	86
Khadija	f	410
Khadijah	f	33
Khady	f	29
Khaleesi	f	13
Khaoula	f	40
Khawla	f	38
Kheira	f	34
Khloe	f	194
Kholoud	f	16
Khouloud	f	20
Khushi	f	19
Kia	f	11
Kiana	f	341
Kianna	f	54
Kiara	f	477
Kiarah	f	15
Kiarra	f	12
Kiera	f	87
Kierra	f	24
Kiersten	f	18
Kiev	f	12
Kieve	f	27
Kiley	f	14
Kiliane	f	23
Kim	f	5812
Kim Anh	f	13
Kimberlay	f	17
Kimberlee	f	25
Kimberley	f	461
Kimberley Ann	f	12
Kimberlie	f	21
Kimberly	f	1397
Kimberly Ann	f	27
Kimberly Anne	f	11
Kime	f	25
Kimia	f	67
Kimily	f	20
Kimly	f	12
Kimmy	f	33
Kimora	f	19
Kimy	f	15
Kimya	f	13
Kina	f	50
Kinda	f	43
Kinga	f	12
Kinsley	f	24
Kinza	f	22
Kiona	f	12
Kira	f	267
Kiran	f	31
Kirsten	f	84
Kirstin	f	12
Kisha	f	15
Kitana	f	22
Kitty	f	36
Kiyana	f	21
Klara	f	193
Klaudia	f	40
Klea	f	14
Kloe	f	413
Kloee	f	23
Kloey	f	33
Komal	f	22
Konstantina	f	51
Kora	f	15
Kora-Lee	f	43
Koralee	f	22
Koralie	f	674
Korally	f	18
Koraly	f	409
Koralye	f	17
Kori	f	11
Korina	f	26
Korine	f	36
Korinne	f	16
Koryne	f	20
Kourtney	f	14
Krisha	f	23
Krishna	f	20
Krissy	f	23
Krista	f	143
Kristal	f	32
Kristel	f	241
Kristele	f	12
Kristelle	f	153
Kristen	f	271
Kristi	f	22
Kristiana	f	13
Kristie	f	31
Kristin	f	151
Kristina	f	872
Kristine	f	226
Kristy	f	87
Kristyn	f	15
Kristyna	f	22
Krisztina	f	11
Krysta	f	23
Krystal	f	234
Krystale	f	19
Krystel	f	891
Krystele	f	26
Krystell	f	14
Krystelle	f	218
Krysten	f	17
Krystina	f	217
Krystine	f	37
Krystle	f	83
Krystyna	f	24
Ksenia	f	40
Kseniya	f	19
Kubra	f	13
Kyana	f	211
Kyanna	f	60
Kyara	f	125
Kyeve	f	12
Kyla	f	153
Kyle	f	20
Kylee	f	57
Kyleigh	f	11
Kylia	f	12
Kyliane	f	52
Kylianne	f	32
Kylie	f	338
Kym	f	315
Kymberly	f	13
Kyme	f	12
Kyna	f	35
Kyra	f	329
Kyria	f	42
Kyriam	f	12
Labiba	f	11
Lacey	f	47
Ladan	f	12
Lady	f	11
Laela	f	29
Laelia	f	20
Laeticia	f	383
Laeticya	f	12
Laetitia	f	657
Laetycia	f	14
Lafleche	f	14
Lahna	f	14
Laia	f	33
Laiba	f	57
Laika	f	101
Laila	f	486
Laina	f	41
Lakeisha	f	15
Laly	f	25
Lama	f	72
Lamar	f	72
Lamees	f	16
Lamia	f	112
Lamis	f	70
Lamisse	f	16
Lamita	f	17
Lamya	f	19
Lan	f	22
Lana	f	570
Laney	f	19
Lani	f	12
Lanie	f	14
Lanna	f	13
Lany	f	19
Laora	f	16
Lara	f	1096
Laraib	f	14
Larisa	f	30
Larissa	f	140
Laryssa	f	22
Latifa	f	40
Latifah	f	11
Latika	f	11
Latisha	f	20
Latoya	f	37
Laura	f	4103
Laura Alejandra	f	12
Laura Andrea	f	11
Laura Ann	f	15
Laura Anne	f	27
Laura Camila	f	13
Laura Daniela	f	20
Laura Elizabeth	f	12
Laura-Eve	f	29
Lauraine	f	21
Laura-Jeanne	f	19
Laura Kim	f	11
Laura-Kim	f	23
Laura Lee	f	28
Laura-Lee	f	158
Lauralee	f	58
Lauralie	f	857
Laura-Lou	f	11
Lauralou	f	16
Lauraly	f	197
Lauralye	f	11
Laura Maria	f	27
Laura Marie	f	15
Laura Maude	f	20
Laura-Maude	f	26
Laurana	f	39
Laurance	f	59
Laurane	f	85
Lauranne	f	106
Laura-Rose	f	13
Laura Sofia	f	38
Laura Valentina	f	20
Laure	f	275
Laureane	f	23
Laure Anne	f	16
Laure-Anne	f	16
Laureanne	f	119
Laureen	f	17
Laurel	f	38
Laurelie	f	117
Laureline	f	21
Laurelle	f	33
Laure-Lou	f	15
Laurelou	f	15
Laurely	f	13
Lauren	f	750
Laurena	f	12
Laurence	f	11305
Laurene	f	17
Laurette	f	24
Lauri	f	15
Lauria	f	15
Lauriane	f	1094
Lauriann	f	17
Laurianne	f	2094
Laurie	f	8271
Laurie Ann	f	121
Laurie-Ann	f	264
Laurie Anne	f	348
Laurie-Anne	f	541
Laurie Eve	f	53
Laurie-Eve	f	115
Laurie-Jade	f	42
Laurie-Jeanne	f	19
Laurie-Kim	f	16
Laurie Maude	f	15
Laurie-Maude	f	23
Laurie Pier	f	24
Laurie-Pier	f	31
Laurie-Rose	f	19
Laurieve	f	35
Laurina	f	18
Laurine	f	27
Laury	f	723
Lauryane	f	63
Laury Ann	f	42
Laury-Ann	f	134
Lauryann	f	38
Laury Anne	f	19
Laury-Anne	f	45
Lauryanne	f	85
Laurye	f	33
Laury-Eve	f	13
Lauryn	f	45
Lausanne	f	17
Lauviah	f	13
Lavinia	f	35
Lawrence	f	65
Laya	f	57
Layal	f	69
Layan	f	107
Layana	f	24
Layanah	f	12
Layane	f	56
Layka	f	18
Layla	f	1249
Laylah	f	13
Laylou	f	16
Layna	f	60
Laynie	f	11
Layticia	f	12
Lea	f	11108
Leah	f	1281
Leah-Rose	f	26
Lea Jade	f	12
Lea-Jade	f	190
Lea-Jeanne	f	71
Lea Kim	f	17
Lea-Kim	f	234
Leakim	f	70
Lea-Kym	f	44
Leakym	f	20
Lealie	f	12
Lea-Mai	f	12
Lea Marie	f	41
Lea-Marie	f	55
Lea Maude	f	34
Lea-Maude	f	302
Lea-May	f	28
Leana	f	570
Leandra	f	64
Leandre	f	29
Leane	f	1328
Leanie	f	153
Leann	f	123
Leanna	f	225
Leanne	f	2766
Leannie	f	15
Leany	f	36
Lea Rose	f	75
Lea-Rose	f	1241
Learose	f	33
Leaticia	f	27
Leatitia	f	22
Ledia	f	12
Lee	f	75
Leeana	f	15
Lee Ann	f	108
Lee-Ann	f	111
Leeann	f	33
Lee-Anna	f	32
Leeanna	f	13
Lee Anne	f	29
Lee-Anne	f	40
Leela	f	41
Leeloo	f	42
Leelou	f	70
Leen	f	140
Leena	f	95
Leevia	f	20
Leeya	f	13
Leeyah	f	11
Leeza	f	29
Leha	f	12
Lehna	f	16
Leia	f	378
Leigh	f	22
Leigha	f	12
Leika	f	34
Leila	f	1422
Leilah	f	22
Leilani	f	34
Leilou	f	22
Leina	f	51
Leisha	f	13
Leiticia	f	12
Leiya	f	12
Lejla	f	20
Lela	f	16
Lelia	f	115
Lelya	f	13
Lena	f	813
Lena-Rose	f	13
Leni	f	21
Lenie	f	20
Lenka	f	18
Lenna	f	49
Lennie	f	41
Lennon	f	13
Lennox	f	12
Lenny	f	25
Lenora	f	20
Leny	f	13
Leo	f	14
Leona	f	140
Leoni	f	24
Leonie	f	3442
Leonnie	f	33
Leonor	f	18
Leonora	f	24
Leonore	f	32
Leony	f	117
Leora	f	32
Lesley	f	48
Leslie	f	450
Leslie Ann	f	21
Leslie Anne	f	18
Lesly	f	132
Leslye	f	13
Lethicia	f	47
Lethycia	f	28
Leticia	f	419
Leticya	f	19
Letitia	f	28
Letizia	f	33
Letty	f	41
Lettycia	f	20
Letycia	f	51
Levana	f	21
Levina	f	22
Lexa	f	84
Lexane	f	45
Lexanne	f	17
Lexi	f	131
Lexia	f	124
Lexiane	f	19
Lexianne	f	12
Lexie	f	1243
Lexie-Ann	f	17
Lexy	f	167
Lexya	f	21
Lexye	f	12
Leya	f	104
Leyla	f	502
Leyna	f	64
Lhasa	f	12
Lhea	f	13
Li	f	13
Lia	f	462
Liah	f	25
Liam	f	17
Lian	f	27
Liana	f	700
Liane	f	180
Lianna	f	130
Li-Anne	f	12
Lianne	f	129
Lia-Rose	f	12
Liat	f	16
Liba	f	25
Libby	f	57
Liberty	f	21
Licia	f	11
Lida	f	27
Lidia	f	197
Lidya	f	47
Liel	f	13
Lielle	f	19
Liette	f	27
Ligia	f	13
Lila	f	267
Lilah	f	24
Lilas	f	66
Lili	f	500
Lilia	f	620
Lilian	f	110
Liliana	f	266
Liliane	f	813
Lili-Ann	f	29
Liliann	f	20
Lilianna	f	59
Lili Anne	f	14
Lili-Anne	f	74
Lilianne	f	416
Lilie	f	72
Lilie-Rose	f	11
Lili-Jade	f	26
Lili-Jeanne	f	38
Lili-Mai	f	26
Lili-Maude	f	27
Lili-May	f	27
Lili-Pier	f	12
Lili Rose	f	57
Lili-Rose	f	529
Lilirose	f	65
Lilit	f	16
Lilith	f	22
Liliya	f	14
Lillian	f	152
Lilliana	f	17
Lilliane	f	12
Lillie	f	14
Lilly	f	191
Lilly-Ann	f	17
Lilly-Anne	f	12
Lilly-Rose	f	74
Lilou	f	362
Lily	f	1827
Lilya	f	306
Lilyana	f	31
Lilyane	f	87
Lily Ann	f	19
Lily-Ann	f	126
Lilyann	f	39
Lily-Anna	f	20
Lilyanna	f	29
Lily Anne	f	14
Lily-Anne	f	152
Lilyanne	f	98
Lily-Jade	f	100
Lily-Jane	f	19
Lily-Jeanne	f	43
Lily-Mai	f	56
Lily-Maude	f	34
Lily-May	f	49
Lily-Pier	f	15
Lily Rose	f	151
Lily-Rose	f	1720
Lilyrose	f	121
Limar	f	11
Lin	f	28
Lina	f	2291
Linah	f	14
Lina Maria	f	18
Lincey	f	13
Linda	f	740
Lindsay	f	626
Lindsey	f	111
Lindy	f	39
Line	f	266
Linh	f	18
Linna	f	11
Linnea	f	12
Linsay	f	28
Linsey	f	13
Liora	f	88
Lisa	f	1759
Lisa Ann	f	14
Lisa Anne	f	16
Lisabelle	f	13
Lisa Maria	f	15
Lisa Marie	f	382
Lisa-Marie	f	133
Lisandre	f	72
Lisane	f	39
Lisanne	f	150
Lisbeth	f	18
Lise	f	184
Lise Andree	f	19
Lise Anne	f	40
Lisette	f	29
Lisiane	f	23
Lisianne	f	17
Lison	f	99
Lissa	f	81
Lissia	f	13
Liticia	f	22
Liv	f	184
Livia	f	3232
Liviana	f	13
Liviane	f	33
Livianne	f	26
Livia Rose	f	13
Livia-Rose	f	42
Livie	f	31
Livy	f	18
Livya	f	33
Liya	f	86
Liyah	f	23
Liyana	f	39
Liz	f	24
Liza	f	214
Liza Marie	f	19
Lizane	f	11
Lizanne	f	39
Lizbeth	f	18
Lizon	f	11
Lizzie	f	86
Lizzy	f	17
Loana	f	32
Loane	f	45
Loanne	f	15
Lobna	f	13
Loelie	f	29
Loeva	f	23
Logan	f	78
Logane	f	97
Logann	f	11
Loganne	f	24
Loic	f	12
Loica	f	15
Loika	f	46
Lois	f	42
Loise	f	20
Lojain	f	13
Lola	f	310
Lolita	f	32
London	f	24
Loona	f	12
Lora	f	65
Loraine	f	26
Loralee	f	12
Loralie	f	274
Loraly	f	70
Lorane	f	26
Loredana	f	62
Loreena	f	11
Lorelai	f	21
Lorelei	f	51
Lorelie	f	57
Loren	f	18
Lorena	f	156
Lorence	f	21
Lorenza	f	14
Loretta	f	24
Lori	f	330
Loriana	f	14
Loriane	f	286
Lori Ann	f	28
Lori-Ann	f	32
Loriann	f	22
Lori Anne	f	21
Lori-Anne	f	18
Lorianne	f	299
Lorie	f	1054
Lorie Ann	f	13
Lorie-Ann	f	49
Lorie Anne	f	15
Lorie-Anne	f	47
Lorieve	f	14
Lorna	f	42
Lorraine	f	188
Lorrie	f	38
Lorry	f	34
Lorry-Ann	f	12
Lory	f	332
Loryane	f	44
Lory Ann	f	15
Lory-Ann	f	72
Loryann	f	31
Lory Anne	f	11
Lory-Anne	f	15
Loryanne	f	48
Lou	f	566
Louana	f	121
Louane	f	244
Lou Ann	f	25
Lou-Ann	f	146
Louann	f	59
Lou-Anna	f	34
Louanna	f	31
Lou Anne	f	20
Lou-Anne	f	86
Louanne	f	168
Loubna	f	42
Loucy	f	22
Loue	f	11
Louisa	f	232
Louisanne	f	14
Louise	f	701
Louise Andree	f	22
Louise Anne	f	11
Louise Helene	f	12
Louise Josee	f	15
Louise Marie	f	11
Louisiane	f	13
Louison	f	14
Louiza	f	54
Loujain	f	12
Loujaine	f	13
Loujayn	f	14
Loujayne	f	25
Louka	f	41
Loukia	f	16
Loulia	f	14
Louna	f	208
Lourdes	f	19
Louve	f	31
Louvia	f	15
Love	f	16
Lovelie	f	15
Lovely	f	67
Lovia	f	23
Lu	f	13
Lua	f	14
Luana	f	80
Lubna	f	17
Luc	f	11
Luca	f	36
Luce	f	169
Lucia	f	287
Luciana	f	154
Lucianna	f	16
Lucie	f	1256
Lucile	f	41
Lucille	f	71
Lucina	f	16
Lucinda	f	23
Lucy	f	342
Ludivine	f	71
Ludmila	f	25
Ludmilla	f	14
Luisa	f	87
Luisa Fernanda	f	48
Luisa Maria	f	17
Luiza	f	37
Lujain	f	35
Luka	f	23
Luna	f	486
Lune	f	12
Luz	f	11
Lya	f	326
Lyah	f	33
Lyana	f	385
Lyane	f	70
Lyanie	f	11
Lyann	f	30
Lyanna	f	238
Lyanne	f	66
Lya-Rose	f	31
Lycia	f	59
Lydia	f	3159
Lydiane	f	118
Lydianne	f	37
Lydia-Rose	f	20
Lydie	f	88
Lyla	f	117
Lylah	f	11
Lylia	f	180
Lyliane	f	54
Lylianne	f	29
Lylie	f	24
Lylie-Rose	f	11
Lylou	f	97
Lyly	f	15
Lyly-Rose	f	63
Lyn	f	32
Lyna	f	596
Lynda	f	182
Lyndia	f	21
Lyndsay	f	44
Lyndsey	f	19
Lyne	f	508
Lynn	f	203
Lynna	f	11
Lynne	f	38
Lyra	f	30
Lyric	f	12
Lys	f	29
Lysa	f	140
Lysa Marie	f	20
Lysandra	f	12
Lysandre	f	229
Lysane	f	78
Lysann	f	15
Lysanne	f	439
Lyse	f	13
Lysia	f	15
Lysiane	f	133
Lysianne	f	80
Lyson	f	16
Lyssa	f	42
Lyssia	f	24
Lyticia	f	11
Lyv	f	20
Lyvia	f	835
Lyvianne	f	11
Lyvia-Rose	f	17
Lyza	f	28
Lyzanne	f	12
Maayan	f	16
Mabel	f	32
Macarena	f	16
Macey	f	19
Macha	f	120
Mackenzie	f	556
Mackenzy	f	33
Macy	f	47
Madalina	f	49
Maddalena	f	14
Maddie	f	95
Maddison	f	103
Maddy	f	66
Maddyson	f	25
Madelaine	f	36
Madeleine	f	924
Madelie	f	12
Madeline	f	263
Madelyn	f	52
Madelyne	f	30
Madie	f	13
Madiha	f	33
Madina	f	81
Madison	f	1355
Madisson	f	92
Madona	f	13
Madonna	f	15
Mady	f	49
Madyson	f	472
Madysson	f	74
Mady-Sun	f	14
Madysun	f	18
Mae	f	238
Maee	f	17
Maegan	f	55
Maeghan	f	11
Maeka	f	66
Mael	f	41
Maela	f	100
Maelane	f	11
Maele	f	23
Mae-Lee	f	40
Maeli	f	156
Maelia	f	142
Maelie	f	3279
Maelie-Rose	f	18
Maeline	f	13
Maella	f	144
Maelle	f	1261
Maelli	f	13
Maellie	f	89
Maelly	f	316
Maely	f	1357
Maelya	f	99
Maelye	f	50
Maely-Rose	f	14
Maelys	f	238
Maena	f	39
Maera	f	13
Maeva	f	3812
Maeve	f	272
Magalee	f	12
Magali	f	659
Magalie	f	2879
Magally	f	16
Magaly	f	518
Magalye	f	25
Magda	f	34
Magdala	f	16
Magdalena	f	117
Magdalene	f	13
Maggie	f	934
Maggy	f	325
Magie	f	13
Magnolia	f	20
Maguette	f	15
Maguy	f	33
Magy	f	18
Maha	f	166
Mahalia	f	23
Maham	f	26
Mahe	f	48
Mahee	f	639
Mahee-Lee	f	37
Maheen	f	28
Mahek	f	12
Mahe-Lee	f	17
Mahelia	f	15
Mahelie	f	259
Mahely	f	159
Mahera	f	14
Maheva	f	222
Mahi	f	15
Mahika	f	56
Mahily	f	14
Mahima	f	12
Mahina	f	35
Mahira	f	25
Mahnaz	f	12
Mahnoor	f	40
Mahsa	f	26
Mahyka	f	23
Mai	f	58
Maia	f	465
Mai Anh	f	17
Maica	f	16
Maida	f	24
Maigane	f	12
Maika	f	3724
Maila	f	113
Mai Lan	f	11
Mai-Lee	f	21
Mailee	f	32
Maili	f	29
Mailie	f	95
Mailly	f	20
Maily	f	209
Mailya	f	11
Mailys	f	57
Maimouna	f	80
Maimuna	f	11
Maina	f	533
Maira	f	56
Mais	f	13
Maisha	f	56
Maisie	f	22
Maissa	f	127
Maissane	f	35
Maisy	f	20
Maite	f	407
Maitee	f	36
Maithe	f	29
Maithee	f	18
Maiva	f	13
Maiwen	f	12
Maiwenn	f	15
Maiya	f	28
Maja	f	64
Majda	f	39
Majdouline	f	25
Majorie	f	143
Majory	f	18
Makayla	f	233
Makeda	f	18
Makena	f	14
Makenna	f	20
Makenzie	f	53
Malaika	f	185
Malak	f	911
Malake	f	13
Malaurie	f	51
Malaury	f	32
Malaya	f	21
Malayka	f	11
Malek	f	67
Malena	f	55
Malgorzata	f	15
Mali	f	110
Malia	f	243
Maliah	f	17
Malica	f	11
Malicia	f	63
Malicya	f	11
Malie	f	151
Maliha	f	31
Malik	f	11
Malika	f	691
Malina	f	40
Malinda	f	14
Malisa	f	18
Malissa	f	20
Maliya	f	12
Maliyah	f	33
Malka	f	116
Malkie	f	16
Malky	f	140
Mallorie	f	34
Mallory	f	164
Mally	f	15
Malorie	f	538
Malory	f	256
Malou	f	28
Maly	f	42
Malya	f	79
Malycia	f	39
Malyka	f	159
Malyssia	f	12
Mame Diarra	f	33
Mana	f	20
Manahil	f	17
Manal	f	159
Manar	f	103
Mandeep	f	12
Mandeep Kaur	f	15
Mandie	f	16
Mandoline	f	11
Mandy	f	276
Mane	f	13
Manel	f	208
Manessa	f	24
Manha	f	32
Manisha	f	21
Manissa	f	14
Manjot	f	11
Mannat	f	15
Manon	f	1017
Manoucheka	f	14
Manouchka	f	28
Manpreet	f	33
Manpreet Kaur	f	24
Manu	f	19
Manue	f	25
Manuela	f	175
Manuella	f	59
Manuelle	f	57
Maorie	f	16
Mara	f	227
Marah	f	30
Mara-Jade	f	24
Maral	f	28
Maram	f	189
Marame	f	14
Marc	f	21
Marc Andre	f	46
Marc Antoine	f	13
Marcela	f	43
Marceline	f	33
Marcella	f	41
Marcelle	f	67
Marcia	f	59
Marcy	f	16
Marelie	f	18
Mareva	f	17
Margaret	f	189
Margarita	f	118
Margaux	f	283
Margerie	f	16
Margo	f	64
Margot	f	712
Marguerita	f	11
Marguerite	f	1292
Mari	f	19
Maria	f	2936
Maria Alejandra	f	86
Maria-Alejandra	f	11
Maria Alexandra	f	26
Maria-Alexandra	f	12
Maria Andrea	f	15
Maria Angelica	f	11
Maria Antonia	f	11
Maria Belen	f	14
Maria Camila	f	110
Maria-Camila	f	20
Maria Christina	f	21
Maria Clara	f	24
Maria Cristina	f	23
Maria De Los Angeles	f	11
Maria Eduarda	f	16
Maria Elena	f	31
Maria-Elena	f	13
Maria Eugenia	f	12
Maria Fernanda	f	134
Maria-Fernanda	f	16
Maria Gabriela	f	33
Mariah	f	128
Maria Ines	f	11
Maria Isabel	f	43
Maria Isabella	f	17
Maria Jose	f	174
Maria-Jose	f	22
Maria Juliana	f	14
Maria Laura	f	17
Maria Lucia	f	17
Maria Luisa	f	28
Mariam	f	1023
Mariama	f	104
Mariama Cire	f	12
Mariame	f	82
Marian	f	80
Mariana	f	475
Mariane	f	1146
Mariange	f	43
Marianick	f	19
Marianik	f	16
Mariann	f	39
Marianna	f	167
Marianne	f	6893
Mariannick	f	22
Maria Paula	f	62
Maria Rosa	f	11
Maria Sofia	f	17
Maria Teresa	f	23
Maria Valentina	f	16
Maria Victoria	f	31
Maria-Victoria	f	13
Maribel	f	63
Maribelle	f	43
Marica	f	14
Marick	f	14
Maricka	f	11
Marie	f	3217
Marie Aimee	f	13
Marie Alex	f	21
Marie Alexandra	f	25
Marie Alice	f	20
Marie-Alice	f	46
Marie Amelie	f	15
Marie Andre	f	35
Marie Andree	f	1244
Marie-Andree	f	163
Marie Ange	f	122
Marie-Ange	f	317
Marie Anick	f	20
Marie Anik	f	12
Marie Ann	f	38
Marie-Ann	f	28
Marie Anna	f	11
Marie-Anna	f	25
Marie Anne	f	538
Marie-Anne	f	322
Marie Annick	f	42
Marie Annie	f	16
Marie Aude	f	26
Marie Audrey	f	122
Marie-Audrey	f	25
Marie Belle	f	24
Marie-Belle	f	16
Marie Blanche	f	12
Marie-Blanche	f	14
Marie C	f	26
Marie Camille	f	38
Marie-Camille	f	11
Marie Carmen	f	16
Marie Caroline	f	20
Marie Catherine	f	84
Marie-Catherine	f	67
Marie Celine	f	11
Marie Chanel	f	13
Marie Chantal	f	247
Marie-Chantal	f	34
Marie Chantale	f	53
Marie-Chantale	f	16
Marie Charlotte	f	20
Marie-Charlotte	f	19
Marie Chloe	f	24
Marie-Chloe	f	21
Marie Christelle	f	12
Marie Christi	f	44
Marie Christina	f	12
Marie Christine	f	702
Marie-Christine	f	258
Marie Claire	f	318
Marie-Claire	f	128
Marie Clara	f	14
Marie-Clara	f	15
Marie Claude	f	4041
Marie-Claude	f	498
Marie Daniele	f	26
Marie Danielle	f	33
Marie-Danielle	f	20
Marie Denise	f	18
Marie Dominique	f	17
Marie Douce	f	47
Marie-Douce	f	11
Marie Edith	f	15
Marie Elaine	f	245
Marie-Elaine	f	40
Marie Elen	f	23
Marie Elene	f	20
Marie Elisabeth	f	27
Marie-Elisabeth	f	19
Marie Elise	f	46
Marie-Elise	f	16
Marie Elizabeth	f	15
Marie-Elizabeth	f	21
Marie Elyse	f	27
Marie-Elyse	f	11
Marie Emilie	f	45
Marie-Emilie	f	13
Marie Emmanuelle	f	17
Marie-Emmanuelle	f	13
Marie Esther	f	23
Marie Eve	f	12007
Marie-Eve	f	2049
Marie-Fee	f	13
Marie Felix	f	12
Marie-Felix	f	53
Marie-Felixe	f	21
Marie-Fleur	f	17
Marie Florence	f	21
Marie-Florence	f	33
Marie France	f	1238
Marie-France	f	225
Marie Frederique	f	67
Marie-Frederique	f	43
Marie Gabrielle	f	54
Marie-Gabrielle	f	57
Marie-Genevieve	f	11
Marie Helen	f	19
Marie Helene	f	2236
Marie-Helene	f	325
Marie Isabelle	f	14
Marie Jade	f	52
Marie-Jade	f	97
Marie Jane	f	12
Marie-Jane	f	48
Marie Jeanne	f	184
Marie-Jeanne	f	403
Marie Jessica	f	11
Marie Jo	f	61
Marie-Jo	f	25
Marie Joe	f	13
Marie-Joe	f	15
Marie Joel	f	15
Marie Joelle	f	269
Marie-Joelle	f	100
Marie Jose	f	38
Marie Josee	f	2129
Marie-Josee	f	276
Marie Julie	f	195
Marie-Julie	f	52
Marie Justine	f	20
Marie-Kate	f	14
Marieke	f	25
Marie Kim	f	146
Marie-Kim	f	81
Marie Kristel	f	11
Marie Kristine	f	16
Marie Krystel	f	21
Marie Kym	f	11
Mariel	f	40
Mariela	f	36
Marie Laure	f	86
Marie-Laure	f	47
Marie Laurence	f	269
Marie-Laurence	f	325
Marie Lea	f	22
Marie-Lea	f	31
Marie Lee	f	91
Marie-Lee	f	102
Marie Li	f	18
Marie-Li	f	13
Marie Line	f	217
Marie-Line	f	31
Marie Lisa	f	29
Marie Lise	f	138
Marie-Lise	f	35
Mariella	f	71
Marielle	f	414
Marie Lou	f	656
Marie-Lou	f	340
Marielou	f	36
Marie Louise	f	123
Marie-Louise	f	82
Marie-Loup	f	36
Marie Luce	f	57
Marie-Luce	f	18
Marie Lune	f	19
Marie-Lune	f	93
Marie-Ly	f	13
Marie Lyn	f	11
Marie Lyne	f	296
Marie-Lyne	f	65
Marie Lynn	f	36
Marie-Lys	f	28
Marie Lyse	f	26
Marie M	f	16
Mariem	f	132
Marie Madeleine	f	15
Marie Mai	f	17
Marie-Mai	f	46
Marie Maude	f	121
Marie-Maude	f	114
Marie Maxim	f	13
Marie-Maxim	f	29
Marie Maxime	f	37
Marie-Maxime	f	50
Marie May	f	17
Marie-May	f	35
Marieme	f	40
Marie Michel	f	50
Marie Michele	f	1282
Marie-Michele	f	172
Marie Michell	f	12
Marie Michelle	f	277
Marie-Michelle	f	133
Marie Myriam	f	14
Marie Neige	f	35
Marie-Neige	f	57
Marie Noel	f	204
Marie-Noel	f	56
Marie Noelle	f	406
Marie-Noelle	f	105
Marie Odile	f	69
Marie-Odile	f	16
Marie P	f	14
Marie Pascale	f	167
Marie-Pascale	f	45
Marie Paule	f	58
Marie Perle	f	28
Marie-Perle	f	18
Marie Philip	f	77
Marie-Philip	f	25
Marie-Philipe	f	12
Marie Philippe	f	276
Marie-Philippe	f	107
Marie Pier	f	7677
Marie-Pier	f	1686
Mariepier	f	33
Marie Pierre	f	1162
Marie-Pierre	f	228
Marie Reine	f	14
Marie Renee	f	42
Marie Rose	f	83
Marie-Rose	f	161
Marie Sarah	f	30
Marie-Sarah	f	15
Marie-Sol	f	12
Marie Soleil	f	1253
Marie-Soleil	f	1120
Marie Sophie	f	130
Marie-Sophie	f	71
Marie Stephanie	f	12
Marie Therese	f	48
Marie-Therese	f	24
Marietou	f	25
Marietta	f	15
Mariette	f	23
Marieve	f	512
Mariia	f	26
Marija	f	33
Marijane	f	47
Marijo	f	66
Marik	f	12
Marika	f	1377
Marike	f	25
Marikim	f	23
Mariko	f	37
Marikym	f	14
Marilaine	f	17
Marilee	f	69
Marilena	f	50
Marilene	f	164
Marili	f	25
Marilie	f	470
Mariline	f	91
Marilise	f	22
Mari Lou	f	15
Marilou	f	3958
Mariloup	f	107
Marilune	f	25
Marily	f	255
Marilye	f	12
Marilyn	f	1988
Marilyne	f	1569
Marilynn	f	44
Marilys	f	57
Marilyse	f	82
Marina	f	897
Marine	f	572
Marion	f	1088
Maripier	f	138
Marisa	f	212
Marise	f	83
Mariska	f	60
Marisol	f	291
Marisoleil	f	13
Marissa	f	472
Marita	f	33
Marithe	f	17
Maritza	f	45
Marium	f	22
Mariya	f	115
Mariyam	f	13
Marja	f	19
Marjan	f	14
Marjerie	f	14
Marjo	f	18
Marjolaine	f	842
Marjolene	f	36
Marjolie	f	28
Marjorie	f	1601
Marjory	f	62
Marla	f	45
Marlaine	f	11
Marlee	f	35
Marlena	f	41
Marlene	f	410
Marley	f	80
Marlie	f	35
Marline	f	20
Marlo	f	11
Marlowe	f	11
Marly	f	68
Marlyn	f	19
Marlyne	f	32
Marnie	f	11
Maroua	f	72
Maroussia	f	14
Marsha	f	55
Marta	f	77
Martha	f	120
Marthe	f	26
Martin	f	24
Martina	f	140
Martine	f	2457
Martyne	f	17
Marwa	f	598
Marwah	f	14
Mary	f	491
Marya	f	77
Maryah	f	12
Maryam	f	816
Maryame	f	24
Maryan	f	71
Maryana	f	17
Maryane	f	152
Mary Ann	f	63
Mary-Ann	f	60
Maryann	f	129
Maryanna	f	12
Mary Anne	f	25
Mary-Anne	f	27
Maryanne	f	294
Marybel	f	21
Marybelle	f	25
Maryem	f	40
Mary Eve	f	22
Mary-Eve	f	19
Maryeve	f	44
Mary Grace	f	18
Mary Jane	f	43
Mary-Jane	f	61
Maryjane	f	44
Maryka	f	206
Mary-Kate	f	29
Mary Kim	f	13
Marykim	f	18
Marylaine	f	15
Mary Lee	f	25
Mary-Lee	f	54
Marylee	f	150
Marylene	f	401
Marylie	f	257
Marylin	f	95
Maryline	f	318
Marylise	f	70
Mary Lou	f	45
Mary-Lou	f	63
Marylou	f	1019
Mary-Loup	f	11
Maryloup	f	27
Marylune	f	20
Marylyn	f	31
Mary Lynn	f	14
Maryna	f	39
Maryne	f	18
Maryon	f	25
Mary Pier	f	43
Mary-Pier	f	35
Marypier	f	19
Mary Rose	f	12
Marysa	f	29
Maryse	f	1780
Maryska	f	19
Marysol	f	32
Mary-Soleil	f	21
Marysoleil	f	14
Maryssa	f	82
Masa	f	31
Masha	f	52
Massa	f	18
Massilia	f	29
Massilya	f	28
Massiva	f	14
Massylia	f	17
Matea	f	24
Mathea	f	18
Mathieu	f	96
Mathilda	f	90
Mathilde	f	3677
Mathura	f	15
Mathylde	f	57
Matilda	f	106
Matilde	f	130
Matisse	f	48
Mattea	f	21
Matthew	f	25
Matty	f	11
Maty	f	15
Maud	f	247
Maude	f	10234
Maude Emilie	f	38
Maude-Emilie	f	22
Maude Sophie	f	21
Maude-Sophie	f	17
Maura	f	18
Maurane	f	61
Mauranne	f	19
Maureen	f	103
Mavie	f	29
Mavis	f	23
Mavy	f	15
Maxance	f	11
Maxeen	f	16
Maxence	f	57
Maxim	f	1216
Maxime	f	990
Maxine	f	282
Maxym	f	210
Maxyme	f	108
Maxyne	f	15
May	f	136
Maya	f	3845
Mayah	f	22
Mayan	f	12
Mayana	f	14
Mayane	f	16
May-Ann	f	28
May-Anne	f	18
Mayar	f	120
Maya-Rose	f	18
Maybelle	f	11
Maygan	f	97
Maygane	f	53
Mayka	f	175
Mayla	f	57
May-Lee	f	22
Maylee	f	49
Mayli	f	11
Maylia	f	38
Mayliane	f	12
Maylie	f	90
Maylina	f	40
Mayline	f	19
Maylis	f	41
Maylissa	f	12
Maylodie	f	14
Mayna	f	22
Mayra	f	51
Mayra Alejandra	f	12
Mayranie	f	11
Maysa	f	33
Mayssa	f	156
Mayssam	f	26
Mayssane	f	18
Mayte	f	12
Mayva	f	17
Mayve	f	11
M Catherine	f	50
M Chantale	f	67
M Christelle	f	15
M Christina	f	16
M Christine	f	1424
M-Christine	f	59
Mckayla	f	18
Mckenna	f	25
Mckenzie	f	38
M Claude	f	32
M Danielle	f	19
Mea	f	24
Meadow	f	31
Meagan	f	421
Meagane	f	11
Meaghan	f	203
Meane	f	38
Meanne	f	76
Medgine	f	15
Medina	f	35
Medjina	f	13
Medjine	f	14
Meeka	f	11
Meena	f	21
Meera	f	35
Meg	f	28
Megan	f	5274
Megane	f	5021
Meg Ann	f	14
Meg-Ann	f	78
Megann	f	147
Meg Anne	f	13
Meg-Anne	f	56
Meganne	f	403
Meggan	f	157
Meggane	f	16
Meggie	f	495
Meggy	f	227
Megha	f	13
Meghan	f	695
Meghane	f	136
Meghann	f	42
Mehak	f	15
Mehnaz	f	11
Mehreen	f	17
Mei	f	27
Meighan	f	11
Meika	f	17
Meili	f	15
Meira	f	26
Meissa	f	18
Mekayla	f	11
Melani	f	20
Melania	f	36
Melanie	f	13137
Melanie Ann	f	11
Melany	f	147
Melea	f	11
Meleena	f	16
Melek	f	44
Melia	f	523
Meliane	f	429
Meliann	f	15
Melianne	f	166
Melia-Rose	f	15
Melicia	f	11
Melie	f	70
Melika	f	162
Melike	f	19
Melina	f	2710
Melinda	f	429
Meline	f	36
Melis	f	15
Melisa	f	238
Melisande	f	73
Melisandre	f	32
Melise	f	16
Melissa	f	14409
Melissa A	f	17
Melissa Ann	f	45
Melissa Anne	f	34
Melissande	f	36
Melissandre	f	72
Melissa Rose	f	12
Melissa Sue	f	20
Meliza	f	61
Mellie	f	12
Mellina	f	37
Mellisa	f	18
Mellissa	f	44
Melly	f	21
Melodi	f	14
Melodia	f	13
Melodie	f	4173
Melody	f	1577
Melodye	f	27
Meloe	f	12
Melrose	f	25
Mely	f	13
Melya	f	161
Melyan	f	12
Melyane	f	175
Mely-Ann	f	38
Melyann	f	42
Mely-Anne	f	19
Melyanne	f	64
Melya-Rose	f	11
Melyka	f	38
Melyna	f	532
Melynda	f	89
Melynna	f	11
Mely-Rose	f	11
Melysa	f	18
Melyssa	f	300
M Emmanuelle	f	11
Mena	f	14
Mendy	f	13
Meng	f	16
Meral	f	13
Meranie	f	16
Mercedes	f	174
Mercedez	f	24
Mercy	f	12
Meredith	f	547
Meri	f	11
Meriam	f	165
Meriame	f	13
Meriem	f	561
Merieme	f	12
Merika	f	48
Merina	f	18
Merissa	f	21
Merline	f	20
Merna	f	15
Merola	f	14
Merve	f	19
Merveille	f	44
Mery	f	13
Meryam	f	78
Meryem	f	210
Meryka	f	19
Meryl	f	17
Meygan	f	12
Meyranie	f	42
Meyssa	f	13
M Frederique	f	17
M Gabrielle	f	21
M Helene	f	53
Mia	f	5565
Miah	f	33
Mia-Jade	f	32
Mia-Kim	f	29
Miakim	f	27
Mialy	f	12
Mia-Maude	f	14
Miana	f	17
Mia Rose	f	38
Mia-Rose	f	181
Mia Victoria	f	13
Micaela	f	87
Micaella	f	13
Micah	f	27
Micha	f	26
Michael	f	69
Michaela	f	207
Michaella	f	89
Michaelle	f	161
Michal	f	20
Michel	f	28
Michela	f	37
Michele	f	999
Michelina	f	15
Micheline	f	120
Michelle	f	2215
Mickaela	f	30
Mickaella	f	39
Mickaelle	f	20
Midori	f	20
Mihaela	f	57
Mijanou	f	13
Mika	f	191
Mikael	f	19
Mikaela	f	309
Mikaele	f	25
Mikaella	f	190
Mikaelle	f	162
Mikaila	f	17
Mikayla	f	215
Mikela	f	25
Mikella	f	23
Mikhaela	f	14
Mikka	f	11
Miko	f	13
Mila	f	2511
Milagros	f	11
Milah	f	14
Milaine	f	77
Milan	f	27
Milana	f	121
Milane	f	91
Milania	f	14
Milanne	f	13
Mila Rose	f	34
Mila-Rose	f	54
Milca	f	14
Mildred	f	25
Mileena	f	14
Milena	f	232
Milene	f	140
Miley	f	159
Mili	f	14
Milia	f	45
Miliana	f	16
Miliane	f	24
Milianne	f	11
Milica	f	33
Milie	f	70
Milika	f	11
Milina	f	26
Milissa	f	22
Milka	f	20
Milla	f	87
Millicent	f	11
Millie	f	88
Milly	f	67
Mily	f	40
Milya	f	16
Mily-Ann	f	12
Milyna	f	14
Mimi	f	18
Mina	f	219
Minahil	f	14
Minal	f	11
Mindy	f	149
Minh	f	11
Minh Thu	f	12
Minnie	f	67
Mira	f	315
Mirabelle	f	33
Miracle	f	13
Miral	f	86
Miralie	f	11
Miraly	f	12
Miranda	f	382
Miray	f	19
Mireille	f	1513
Mirel	f	35
Mirela	f	37
Mirella	f	70
Miri	f	29
Miriam	f	778
Miriame	f	21
Miriane	f	18
Mirianne	f	21
Mirielle	f	12
Mirina	f	11
Mirka	f	106
Mirna	f	104
Miruna	f	20
Miry	f	23
Miryam	f	100
M Isabelle	f	15
Mischa	f	33
Misha	f	83
Mishel	f	19
Mishka	f	21
Missy	f	12
Misty	f	20
Mitra	f	13
Miya	f	134
M Josee	f	13
M Kristine	f	13
M Laurence	f	79
M Michele	f	63
M Michelle	f	309
Moana	f	29
Moesha	f	11
Mohini	f	11
Moika	f	17
Moira	f	94
Molie	f	45
Molka	f	32
Mollie	f	102
Molly	f	819
Moly	f	28
Momina	f	20
Mona	f	270
Monia	f	89
Monica	f	694
Monika	f	304
Moniqua	f	11
Monique	f	166
Montana	f	25
Montserrat	f	14
Morane	f	36
Morena	f	11
Morgan	f	280
Morgane	f	667
Morganne	f	31
Moriah	f	18
Morsal	f	15
Mouna	f	120
Mounia	f	59
Mounira	f	15
M Philippe	f	41
Muna	f	17
Muriel	f	46
Murielle	f	130
Mursal	f	34
Mushka	f	17
Muskan	f	22
Mya	f	1967
Myah	f	55
Mya-Jade	f	17
Mya-Kim	f	13
Myakim	f	15
Myana	f	27
Mya-Rose	f	73
Mychele	f	15
Myka	f	39
Mykaela	f	29
Mykaella	f	24
Mykaelle	f	12
Myla	f	176
Mylah	f	15
Mylaine	f	188
Mylane	f	25
Mylee	f	48
Mylen	f	20
Mylena	f	50
Mylene	f	3859
Mylia	f	51
Myliane	f	30
Mylianne	f	14
Mylie	f	85
Mylina	f	25
My Linh	f	19
Myna	f	12
Myra	f	115
Myralie	f	47
Myranda	f	67
Myranie	f	65
Myreille	f	27
Myria	f	25
Myriam	f	7858
Myriame	f	174
Myrian	f	25
Myriane	f	84
Myrianna	f	12
Myrianne	f	138
Myrielle	f	12
Myriem	f	29
Myrka	f	63
Myrlene	f	11
Myrna	f	21
Myrtille	f	22
Mysha	f	16
Naama	f	16
Naba	f	16
Nabiha	f	18
Nabila	f	74
Nada	f	720
Nadeen	f	21
Nadege	f	215
Nadeige	f	55
Nadejda	f	18
Nadia	f	2779
Nadim	f	11
Nadin	f	13
Nadine	f	1209
Nadira	f	14
Nadiya	f	12
Nadja	f	26
Nadya	f	73
Nadyne	f	16
Naela	f	21
Naelie	f	33
Naella	f	25
Naelle	f	57
Naelly	f	13
Naely	f	32
Naema	f	23
Naeva	f	44
Naevia	f	20
Nafeesa	f	12
Nafisa	f	36
Nafissa	f	27
Nafissatou	f	21
Nagham	f	26
Nahema	f	14
Nahid	f	19
Nahima	f	26
Nahla	f	52
Nahomie	f	33
Nahomy	f	14
Naia	f	59
Naica	f	11
Naida	f	21
Naika	f	158
Naila	f	318
Nailah	f	18
Naima	f	321
Naina	f	13
Naira	f	20
Naisha	f	24
Najat	f	15
Najia	f	15
Najla	f	13
Najma	f	15
Najwa	f	47
Nakia	f	11
Nakisha	f	23
Nakita	f	32
Nala	f	40
Nalia	f	22
Naly	f	11
Nalya	f	12
Nan	f	12
Nana	f	29
Nancie	f	18
Nancy	f	3796
Nanny	f	11
Nanor	f	14
Naome	f	18
Naomi	f	1799
Naomie	f	2354
Naomy	f	641
Naomye	f	15
Nara	f	23
Narges	f	28
Nargis	f	21
Nariman	f	12
Narimane	f	38
Narimene	f	15
Narjes	f	12
Narjis	f	18
Narjiss	f	14
Narjisse	f	12
Nasha	f	14
Nasim	f	16
Nasra	f	11
Nasrin	f	11
Nasrine	f	15
Nassima	f	45
Nastasia	f	15
Nastassia	f	21
Natacha	f	1505
Natali	f	44
Natalia	f	416
Natalie	f	674
Nataliya	f	24
Nataly	f	45
Natalya	f	50
Natania	f	12
Natanya	f	14
Natasa	f	31
Natascha	f	21
Natasha	f	1392
Nathacha	f	57
Nathaelle	f	18
Nathalia	f	97
Nathalie	f	3261
Nathaly	f	38
Nathalya	f	12
Nathan	f	17
Nathanael	f	21
Nathanaelle	f	18
Nathania	f	24
Nathaniel	f	21
Nathanielle	f	35
Nathasha	f	32
Nava	f	27
Navpreet	f	11
Navya	f	12
Nawal	f	48
Nawel	f	26
Nay	f	16
Naya	f	178
Nayab	f	13
Nayeli	f	43
Nayiri	f	14
Nayka	f	17
Nayla	f	220
Naylah	f	15
Nayma	f	11
Nazanin	f	31
Nazia	f	18
Nazifa	f	16
Ndeye Fatou	f	22
Nechama	f	58
Nechuma	f	13
Nectaria	f	14
Neda	f	41
Nedjma	f	12
Neebin	f	13
Neela	f	26
Neelam	f	14
Neema	f	33
Negar	f	28
Negin	f	14
Neha	f	57
Nehemie	f	55
Neige	f	13
Neila	f	132
Neissa	f	19
Nektaria	f	12
Nelia	f	236
Nelie	f	16
Nell	f	45
Nella	f	31
Nellia	f	16
Nellie	f	396
Nelly	f	795
Nellya	f	23
Nelly-Ann	f	27
Nelly-Anne	f	11
Nelly-Rose	f	18
Nelya	f	109
Neomie	f	15
Nephtalie	f	27
Neriah	f	11
Nerissa	f	15
Nerlande	f	13
Nerline	f	12
Nermine	f	48
Nesma	f	18
Nesrine	f	216
Nessa	f	26
Nessrine	f	13
Neva	f	47
Nevaeh	f	65
Neve	f	78
Neveah	f	17
Nevena	f	16
Neyla	f	72
Neyssa	f	17
Ngoc Anh	f	12
Nguyen	f	11
Nia	f	52
Niama	f	13
Nicholas	f	16
Nicki	f	12
Nickie	f	17
Nicky	f	73
Nico	f	12
Nicola	f	73
Nicolas	f	68
Nicole	f	1163
Nicoleta	f	43
Nicoletta	f	50
Nicolette	f	13
Nicolina	f	23
Nicolle	f	18
Nida	f	41
Nidhi	f	12
Nidia	f	15
Nihad	f	18
Nihal	f	42
Nihel	f	35
Nika	f	88
Niki	f	88
Nikita	f	210
Nikki	f	163
Nikkie	f	15
Nikky	f	24
Nikol	f	35
Nikole	f	14
Nikoletta	f	16
Nikolina	f	20
Niky	f	17
Nila	f	40
Nilab	f	11
Nilani	f	12
Nilofar	f	14
Niloufar	f	15
Nima	f	22
Nimra	f	19
Nina	f	664
Ninon	f	40
Nirmine	f	11
Nisa	f	14
Nisha	f	36
Nishat	f	11
Nisrine	f	76
Nissrine	f	15
Nivetha	f	13
Nivine	f	11
Niya	f	15
Noa	f	242
Noah	f	79
Noalie	f	26
Noee	f	16
Noelia	f	26
Noelie	f	287
Noella	f	57
Noelle	f	49
Noellie	f	14
Noelly	f	14
Noely	f	54
Noemi	f	497
Noemia	f	12
Noemie	f	9518
Noemy	f	729
Noemye	f	18
Noha	f	67
Nohemie	f	18
Nohemy	f	11
Nola	f	55
Nolwenn	f	43
Noor	f	270
Noora	f	15
Nora	f	780
Norah	f	627
Noralie	f	55
Noraly	f	21
Noreen	f	27
Norma	f	31
Nouha	f	57
Nouhaila	f	23
Nour	f	969
Noura	f	123
Nouran	f	14
Nourane	f	34
Noure	f	13
Nour El Houda	f	78
Nour Elhouda	f	17
Nourelhouda	f	11
Nourhane	f	23
Noussaiba	f	15
Nova	f	92
Novalee	f	37
Novalie	f	130
Novaly	f	45
Nuha	f	11
Numidia	f	14
Nuria	f	14
Nusrat	f	24
Nya	f	21
Nyah	f	11
Nydia	f	23
Nyla	f	56
Nylah	f	20
Nyota	f	16
Nyssa	f	14
Oana	f	27
Ocean	f	22
Oceana	f	62
Oceane	f	3873
Oceanie	f	16
Oceann	f	62
Oceanna	f	35
Oceanne	f	2161
Ocelia	f	12
Octavia	f	59
Octavie	f	20
Odalie	f	13
Odelia	f	46
Odelie	f	109
Odessa	f	33
Odette	f	32
Odile	f	289
Odree	f	41
Odrey	f	18
Ofelia	f	41
Ofelie	f	25
Ohana	f	13
Oksana	f	144
Oksanna	f	24
Ola	f	26
Oleksandra	f	23
Olena	f	27
Olga	f	188
Olie	f	92
Olive	f	130
Olivia	f	7903
Oliviane	f	17
Olivianne	f	18
Olivia Rose	f	38
Olivia-Rose	f	72
Olivier	f	53
Olivya	f	16
Ollie	f	44
Olympe	f	22
Olympia	f	14
Olyvia	f	71
Omaima	f	19
Omayma	f	17
Omnia	f	13
Ons	f	21
Oona	f	22
Opale	f	31
Ophelia	f	365
Ophelie	f	2142
Ophely	f	77
Ophelya	f	19
Orelia	f	13
Orelie	f	74
Orely	f	32
Oria	f	13
Oriana	f	73
Oriane	f	79
Orianna	f	16
Orianne	f	35
Orlane	f	38
Orly	f	41
Ornella	f	57
Orphee	f	26
Osaka	f	13
Otilia	f	12
Oumaima	f	99
Oumayma	f	40
Oumnia	f	22
Oumou	f	57
Oumy	f	12
Ourania	f	17
Oviya	f	14
Oxana	f	108
Oxanna	f	78
Ozalee	f	20
Ozlem	f	16
Paige	f	250
Paisley	f	50
Paloma	f	101
Pamela	f	2243
Pamelie	f	30
Pamella	f	86
Panagiota	f	115
Panayiota	f	13
Paniz	f	14
Paola	f	209
Paola Andrea	f	19
Paraskevi	f	43
Paris	f	46
Parisa	f	30
Parker	f	11
Parmis	f	13
Parnian	f	15
Pascal	f	32
Pascale	f	2533
Pascaline	f	25
Pascalle	f	18
Pasha	f	24
Paskale	f	16
Pasquale	f	31
Pasqualina	f	13
Patience	f	19
Patil	f	17
Patrice	f	21
Patricia	f	3881
Patrick	f	41
Patricya	f	14
Patrizia	f	51
Patrycia	f	21
Patrycja	f	12
Patsy	f	61
Paul	f	12
Paula	f	236
Paula Andrea	f	51
Paule	f	130
Paulette	f	15
Paulina	f	154
Pauline	f	265
Payal	f	11
Payton	f	109
Pearl	f	124
Pegah	f	11
Peggy	f	155
Penda	f	12
Penelope	f	1727
Peneloppe	f	100
Penina	f	29
Penny	f	40
Perl	f	31
Perla	f	149
Perle	f	52
Perrine	f	35
Perry	f	18
Pessy	f	36
Petra	f	47
Peyton	f	141
Phaedra	f	12
Phanie	f	30
Phany	f	13
Phara	f	17
Phebee	f	15
Phenix	f	13
Philippa	f	22
Philippe	f	53
Philippine	f	13
Philomene	f	115
Phoebe	f	175
Phoenix	f	77
Phuong	f	11
Phuong Anh	f	13
Phybie	f	16
Phylicia	f	13
Phyllis	f	11
Pia	f	33
Pier	f	13
Pier Ann	f	60
Pier-Ann	f	14
Pier Anne	f	53
Pier-Anne	f	22
Pierre	f	13
Pierre Luc	f	16
Pierrette	f	19
Pilar	f	15
Pina	f	17
Piper	f	38
Polina	f	134
Pooja	f	31
Poonam	f	11
Poppy	f	11
Precilia	f	22
Precilla	f	32
Precillia	f	32
Precious	f	34
Prescilia	f	14
Prescilla	f	55
Prescillia	f	28
Presley	f	18
Pricilla	f	25
Princess	f	21
Princesse	f	14
Prisca	f	49
Priscila	f	33
Priscilia	f	21
Priscilla	f	830
Priscille	f	77
Priscillia	f	127
Prisha	f	18
Priska	f	16
Priya	f	99
Priyanka	f	41
Providence	f	71
Prudence	f	20
Prunelle	f	21
Pryscilla	f	11
Qamar	f	11
Qi	f	14
Qian	f	14
Qing	f	11
Queen	f	12
Queenie	f	20
Quinn	f	90
Qullik	f	15
Rabab	f	29
Rabia	f	86
Racha	f	135
Rachael	f	51
Rachel	f	3511
Rachel Ann	f	11
Rachele	f	77
Rachelle	f	521
Radhika	f	23
Radia	f	42
Rae	f	12
Rafaela	f	55
Rafaele	f	135
Rafaella	f	50
Rafaelle	f	765
Raffaela	f	11
Raffaele	f	15
Raffaella	f	36
Raghad	f	42
Raha	f	21
Rahaf	f	44
Rahima	f	19
Rahma	f	122
Rain	f	15
Raina	f	52
Raisa	f	25
Raissa	f	48
Raizel	f	19
Raizy	f	91
Rajaa	f	16
Raluca	f	29
Rama	f	86
Ramata	f	23
Ramatoulaye	f	36
Rameen	f	12
Ramona	f	30
Ramsha	f	11
Ramya	f	11
Ran	f	18
Rana	f	216
Rand	f	24
Randa	f	44
Randi	f	12
Raneem	f	17
Rania	f	654
Ranim	f	82
Ranime	f	24
Ranya	f	125
Raphael	f	42
Raphaela	f	17
Raphaele	f	124
Raphaella	f	59
Raphaelle	f	4414
Raquel	f	138
Rasha	f	73
Rashida	f	15
Raven	f	105
Ravneet	f	11
Rawan	f	105
Rawane	f	50
Raya	f	55
Rayan	f	59
Rayana	f	21
Rayane	f	60
Rayanne	f	23
Rayhana	f	54
Rayhane	f	24
Raymonde	f	12
Rayna	f	41
Rayne	f	13
Razan	f	71
Razane	f	108
Razia	f	13
Rea	f	20
Reagan	f	21
Reanna	f	14
Rebeca	f	155
Rebecca	f	3695
Rebecca Ann	f	11
Rebecka	f	160
Rebeka	f	345
Rebekah	f	100
Rebekka	f	19
Reda	f	20
Reem	f	176
Reema	f	30
Reena	f	16
Reese	f	30
Regan	f	14
Regina	f	80
Regine	f	101
Reham	f	13
Rehana	f	21
Reina	f	60
Reine	f	48
Remas	f	12
Remi	f	14
Remie	f	14
Rena	f	34
Renad	f	16
Renata	f	71
Renaude	f	47
Rene	f	11
Renee	f	447
Renee Anne	f	20
Renee Claude	f	62
Renee-Claude	f	13
Renee Maude	f	12
Renee Pier	f	18
Renelle	f	27
Reya	f	17
Reyhan	f	11
Reyna	f	15
Rhea	f	98
Rhianna	f	14
Rhiannon	f	25
Rhita	f	42
Rhoda	f	28
Rhonda	f	24
Ria	f	31
Riana	f	13
Rianna	f	22
Richelle	f	47
Richere	f	68
Rida	f	22
Riddhi	f	11
Rifka	f	20
Rifky	f	34
Rihab	f	57
Riham	f	61
Rihana	f	23
Rihanna	f	77
Rihem	f	17
Riley	f	307
Rim	f	391
Rima	f	201
Rimas	f	15
Rime	f	102
Rimsha	f	15
Rina	f	77
Rinad	f	14
Rita	f	631
Ritaj	f	34
Ritaje	f	17
Rital	f	11
Ritej	f	30
Ritel	f	11
Riva	f	11
River	f	23
Rivka	f	178
Rivkah	f	51
Rivky	f	87
Riya	f	45
Roba	f	12
Roberta	f	48
Robin	f	89
Robina	f	12
Robyn	f	131
Rochel	f	44
Rochelle	f	42
Rocio	f	19
Rojin	f	13
Rokaya	f	42
Rokhaya	f	24
Rokia	f	15
Rola	f	33
Rolande	f	15
Roma	f	18
Romaissa	f	25
Romance	f	17
Romane	f	1199
Romayssa	f	18
Romi	f	72
Romie	f	409
Romina	f	71
Rommie	f	11
Rommy	f	21
Romy	f	2812
Rona	f	15
Ronika	f	11
Rory	f	20
Rosa	f	173
Rosabel	f	22
Rosabelle	f	143
Rosa Lee	f	11
Rosa-Lee	f	59
Rosalee	f	40
Rosalia	f	68
Rosalice	f	11
Rosalie	f	9175
Rosalina	f	27
Rosalind	f	17
Rosalinda	f	13
Rosaline	f	62
Rosally	f	14
Rosaly	f	516
Rosalye	f	57
Rosalyne	f	27
Rosalynn	f	11
Rosa Maria	f	22
Rosana	f	32
Rosane	f	43
Rosanna	f	90
Rosanne	f	203
Rosaria	f	11
Rose	f	4888
Rose Aimee	f	16
Rose-Aimee	f	77
Rose-Alice	f	44
Rose-Aline	f	12
Rose-Ally	f	17
Rose-Aly	f	49
Rose-Ann	f	11
Rose-Anna	f	31
Roseanna	f	13
Rose Anne	f	42
Rose-Anne	f	60
Roseanne	f	33
Rosee	f	21
Rose-Elie	f	35
Rose-Ely	f	11
Rose-Emilie	f	29
Rose-Emy	f	17
Rose Helene	f	15
Rose-Helene	f	19
Roselia	f	30
Roselie	f	55
Roseline	f	455
Roselle	f	16
Rosely	f	16
Roselya	f	11
Roselyn	f	41
Roselyne	f	161
Rose Marie	f	207
Rose-Marie	f	342
Rosemarie	f	678
Rose Mary	f	13
Rose-Mary	f	17
Rosemary	f	264
Rosemay	f	11
Rosette	f	11
Rosha	f	11
Roshni	f	13
Rosiane	f	25
Rosianne	f	54
Rosie	f	605
Rosie-Anne	f	14
Rosina	f	21
Rosine	f	30
Roslyn	f	11
Rosy	f	76
Roua	f	27
Rouba	f	22
Rouguiatou	f	12
Roukaya	f	18
Roula	f	21
Roumaissa	f	27
Rowan	f	34
Rowena	f	20
Roxan	f	78
Roxana	f	85
Roxane	f	2393
Roxann	f	85
Roxanna	f	33
Roxanne	f	7175
Roxy	f	14
Roya	f	39
Roza	f	20
Rozalie	f	21
Rozaly	f	24
Ruba	f	17
Rubi	f	22
Rubie	f	31
Rubina	f	20
Rubis	f	36
Ruby	f	393
Ruchel	f	13
Ruchy	f	21
Rudy	f	43
Rui	f	14
Ruth	f	251
Ruxandra	f	19
Ryan	f	33
Rylee	f	77
Ryleigh	f	26
Rylie	f	44
Rym	f	232
Ryma	f	55
Ryme	f	28
Saadia	f	23
Saanvi	f	15
Saarah	f	13
Saba	f	71
Sabah	f	34
Sabiha	f	13
Sabina	f	136
Sabine	f	210
Sabrina	f	11264
Sabrine	f	166
Sabryna	f	307
Sacha	f	353
Sadaf	f	75
Sade	f	18
Sadia	f	99
Sadie	f	127
Safa	f	128
Safaa	f	103
Safae	f	47
Safi	f	15
Safia	f	175
Safiatou	f	22
Safina	f	16
Safiya	f	110
Safya	f	14
Sage	f	41
Sagette	f	21
Sahana	f	35
Sahar	f	170
Sahara	f	23
Sahra	f	28
Saida	f	21
Saige	f	14
Saika	f	12
Saima	f	40
Saina	f	42
Saira	f	39
Saisha	f	11
Saja	f	99
Sajida	f	13
Sakina	f	58
Sakura	f	37
Salam	f	35
Saleha	f	19
Salematou	f	16
Sali	f	13
Saliha	f	23
Salima	f	79
Salimata	f	15
Salimatou	f	17
Salina	f	32
Sally	f	158
Salma	f	940
Salome	f	375
Salomee	f	24
Salsabil	f	31
Salwa	f	74
Saly	f	21
Sam	f	160
Sama	f	76
Samaelle	f	28
Samah	f	41
Saman	f	15
Samanta	f	117
Samantha	f	3620
Samantha M	f	15
Samar	f	94
Samara	f	222
Samarah	f	21
Samatha	f	16
Samaya	f	11
Samia	f	296
Samie	f	65
Samiha	f	31
Samina	f	24
Samira	f	271
Samirah	f	15
Samiya	f	17
Sammie	f	22
Sammy	f	49
Sammy Jo	f	21
Sammy-Jo	f	11
Sammy Joe	f	11
Samra	f	13
Samsara	f	17
Samuel	f	83
Samuela	f	13
Samuella	f	31
Samuelle	f	466
Samy	f	38
Samya	f	78
Samyra	f	27
Sana	f	205
Sanaa	f	70
Sanae	f	23
Sanam	f	21
Sanaz	f	18
Sandeep	f	13
Sandeep Kaur	f	13
Sandi	f	16
Sandie	f	170
Sandra	f	4509
Sandra Maria	f	11
Sandrina	f	28
Sandrine	f	3262
Sandryne	f	102
Sandy	f	1024
Sania	f	44
Saniya	f	14
Sanja	f	25
Sanjana	f	23
Sanjida	f	11
Sanna	f	13
Santana	f	12
Santina	f	20
Sanya	f	30
Saoirse	f	11
Saona	f	12
Saphia	f	15
Saphir	f	11
Saphira	f	54
Saphyra	f	20
Sapphire	f	11
Sara	f	5801
Sara Ann	f	16
Sara-Ann	f	13
Sara Anne	f	13
Sarabelle	f	12
Sara Claude	f	14
Sara Emilie	f	14
Sara Eve	f	99
Sara-Eve	f	217
Sarah	f	15135
Sarah Ann	f	77
Sarah-Ann	f	48
Sarah Anne	f	102
Sarah-Anne	f	38
Sarah Audrey	f	13
Sarah Catherine	f	12
Sarah Claude	f	49
Sarah-Claude	f	15
Sarah Elizabeth	f	41
Sarah-Elizabeth	f	13
Sarah Emilie	f	39
Sarah-Emilie	f	14
Sarah Emmanuelle	f	12
Sarah Eve	f	259
Sarah-Eve	f	457
Sarah-Gabrielle	f	13
Sarahi	f	11
Sarah Isabelle	f	11
Sarah Jade	f	72
Sarah-Jade	f	265
Sarah James	f	11
Sarah Jane	f	161
Sarah-Jane	f	114
Sarah Jeanne	f	106
Sarah-Jeanne	f	242
Sarah Jessica	f	15
Sarah Julie	f	18
Sarah Kim	f	84
Sarah-Kim	f	150
Sarah-Kym	f	11
Sarah L	f	11
Sarah Lee	f	33
Sarah-Lee	f	51
Sarah-Lou	f	27
Sarah Louise	f	26
Sarah Lynn	f	17
Sarah-Lynn	f	11
Sarah M	f	15
Sarah-Mai	f	12
Sarah Marie	f	25
Sarah Maud	f	11
Sarah-Maud	f	24
Sarah Maude	f	356
Sarah-Maude	f	1124
Sarah May	f	12
Sarah-May	f	33
Sarah Michele	f	40
Sarah-Michele	f	13
Sarah Michelle	f	31
Sarah-Michelle	f	34
Sarah Pier	f	14
Sarah Rose	f	20
Sarah-Rose	f	27
Sarai	f	50
Sara Isabel	f	11
Sara Jade	f	28
Sara-Jade	f	125
Sarajade	f	11
Sara Jane	f	49
Sara-Jane	f	53
Sarajane	f	16
Sara Jeanne	f	25
Sara-Jeanne	f	76
Sara Julie	f	11
Sara Kim	f	38
Sara-Kim	f	63
Sarakim	f	14
Sara-Lee	f	14
Saralee	f	12
Saralie	f	26
Saraly	f	19
Sara Maria	f	17
Sara Marie	f	11
Sara-Maud	f	15
Sara Maude	f	115
Sara-Maude	f	457
Sara-May	f	16
Sara Michele	f	11
Saran	f	27
Saranya	f	12
Sara-Rose	f	24
Sara Sofia	f	32
Sara Valentina	f	14
Sarha	f	31
Saria	f	16
Sariah	f	12
Sarika	f	13
Sarina	f	116
Sarine	f	35
Sarita	f	17
Sarra	f	212
Sarrah	f	38
Sascha	f	15
Sasha	f	510
Saskia	f	182
Saskya	f	17
Satia	f	13
Satine	f	26
Satya	f	35
Savana	f	56
Savanah	f	108
Savanna	f	78
Savannah	f	513
Savina	f	15
Sawsan	f	27
Sawyer	f	17
Saya	f	34
Sayana	f	12
Scarlet	f	39
Scarlett	f	271
Scarlette	f	22
Seanna	f	17
Sebastien	f	75
Sedra	f	23
Seema	f	18
Segolene	f	15
Seher	f	12
Selena	f	918
Selene	f	39
Selia	f	12
Selima	f	18
Selin	f	32
Selina	f	203
Selma	f	320
Selsabil	f	16
Selyna	f	23
Sema	f	19
Sena	f	25
Sendy	f	11
Senna	f	13
Sephora	f	117
Sera	f	16
Serafina	f	15
Serah	f	16
Seraphina	f	14
Sereen	f	13
Serena	f	694
Serene	f	16
Serenity	f	48
Serina	f	61
Serine	f	130
Setareh	f	15
Setayesh	f	22
Sevan	f	16
Sevana	f	21
Severine	f	56
Seynabou	f	40
Shabana	f	14
Shabnam	f	52
Shade	f	30
Shaden	f	14
Shadey	f	11
Shadi	f	14
Shadia	f	17
Shady	f	17
Shae	f	12
Shaelyn	f	15
Shaghayegh	f	11
Shahad	f	19
Shahana	f	15
Shahd	f	55
Shahed	f	25
Shahida	f	11
Shahrzad	f	14
Shaila	f	16
Shaima	f	48
Shaina	f	144
Shaindel	f	13
Shaindy	f	77
Shakila	f	11
Shakira	f	40
Shalina	f	12
Shalini	f	18
Shalom	f	12
Sham	f	50
Shama	f	24
Shamim	f	11
Shams	f	22
Shan	f	29
Shana	f	435
Shanaya	f	38
Shanda	f	12
Shandy	f	38
Shane	f	74
Shanel	f	119
Shanelle	f	112
Shani	f	51
Shania	f	249
Shanice	f	45
Shanie	f	256
Shanika	f	35
Shanna	f	258
Shannel	f	29
Shannen	f	29
Shannie	f	50
Shannon	f	641
Shanny	f	213
Shanon	f	57
Shantal	f	12
Shanti	f	36
Shanty	f	17
Shany	f	370
Shanya	f	54
Shara	f	11
Shari	f	19
Sharifa	f	19
Sharlee	f	22
Sharlene	f	51
Sharlie	f	108
Sharly	f	44
Sharlye	f	15
Sharmila	f	13
Sharmin	f	14
Sharon	f	261
Shauna	f	91
Shavy	f	12
Shawn	f	42
Shawna	f	144
Shaya	f	25
Shayana	f	26
Shayla	f	57
Shaylee	f	16
Shaylin	f	12
Shayma	f	22
Shaymaa	f	12
Shayna	f	101
Shayne	f	11
Shazia	f	22
Shea	f	12
Sheena	f	152
Sheila	f	277
Sheilla	f	18
Sheina	f	16
Shekina	f	13
Shekinah	f	27
Shela	f	12
Shelbie	f	18
Shelby	f	291
Sheldon	f	17
Shella	f	41
Shelley	f	49
Shelly	f	112
Shelly-Ann	f	13
Shelsea	f	32
Shelsey	f	14
Shelsy	f	54
Shena	f	11
Shereen	f	19
Sheridan	f	12
Sherine	f	38
Sherley	f	53
Sherline	f	13
Sherly	f	31
Sherlyn	f	11
Sherri	f	19
Sherry	f	61
Sheryl	f	38
Sheva	f	12
Sheyla	f	31
Shifra	f	40
Shiloh	f	19
Shima	f	17
Shira	f	65
Shiraz	f	21
Shireen	f	13
Shirel	f	38
Shirin	f	20
Shirine	f	17
Shirley	f	217
Shiva	f	18
Shivani	f	21
Shona	f	11
Shoshana	f	47
Shreya	f	48
Shterna	f	15
Shyann	f	20
Shyanne	f	27
Shyla	f	32
Sia	f	39
Siana	f	27
Sianna	f	25
Siasi	f	24
Siasie	f	11
Sibel	f	26
Sibylle	f	15
Sidney	f	107
Sidonie	f	38
Sidra	f	86
Siena	f	198
Sienna	f	402
Sierra	f	259
Sifa	f	14
Siham	f	59
Sihem	f	30
Sila	f	41
Silia	f	17
Silina	f	12
Siline	f	12
Siloe	f	13
Silva	f	11
Silvana	f	51
Silvia	f	99
Silvie	f	11
Silya	f	43
Sima	f	54
Simi	f	21
Simon	f	61
Simona	f	182
Simone	f	1610
Simonne	f	45
Simran	f	49
Simran Kaur	f	16
Sina	f	20
Sinda	f	21
Sindie	f	15
Sindy	f	300
Sintia	f	17
Siobhan	f	21
Siqi	f	12
Sira	f	14
Sireen	f	14
Sirena	f	22
Sirin	f	12
Sirine	f	375
Sissi	f	20
Siwar	f	11
Sixtine	f	12
Siya	f	19
Siyu	f	12
Sky	f	72
Skye	f	162
Skyla	f	94
Skylar	f	95
Skylee	f	18
Skyler	f	39
Skylie	f	27
Sloan	f	14
Sloane	f	24
Sneha	f	24
Sobia	f	13
Sofi	f	17
Sofia	f	4797
Sofia Maria	f	18
Sofiane	f	75
Sofianne	f	37
Sofia Rose	f	32
Sofia-Rose	f	57
Sofia Valentina	f	14
Sofia Victoria	f	13
Sofie	f	96
Sofiia	f	29
Sofiya	f	66
Sofya	f	46
Soha	f	26
Sohane	f	15
Sokhna	f	14
Sol	f	11
Solane	f	17
Solange	f	145
Solea	f	11
Soleane	f	12
Soledad	f	40
Soleil	f	27
Solen	f	14
Solene	f	212
Solenn	f	13
Solenne	f	20
Soliane	f	11
Soline	f	27
Solveig	f	66
Solveil	f	26
Somaya	f	18
Sona	f	14
Sonali	f	18
Sondos	f	17
Sonia	f	2789
Sonja	f	31
Sonya	f	270
Sophia	f	3140
Sophia Marie	f	11
Sophiane	f	84
Sophianne	f	80
Sophia Rose	f	15
Sophia-Rose	f	108
Sophie	f	10862
Sophie Andree	f	20
Sophie Ann	f	18
Sophie-Ann	f	35
Sophie Anne	f	99
Sophie-Anne	f	91
Sophie Helene	f	12
Sophie Rose	f	21
Sophie-Rose	f	27
Sophonie	f	22
Sophy	f	61
Sophya	f	17
Sophye	f	11
Sora	f	18
Soraya	f	214
Sorayah	f	12
Soriya	f	11
Sorya	f	13
Sotiria	f	11
Souad	f	40
Souadou	f	13
Souha	f	19
Souhila	f	16
Soujoud	f	16
Soukaina	f	82
Soukayna	f	15
Soumaya	f	78
Soumeya	f	21
Soumia	f	37
Soundous	f	24
Soundouss	f	11
Souraya	f	13
Spencer	f	18
Stacey	f	333
Stacie	f	26
Stacy	f	657
Stamatia	f	16
Stamatina	f	17
Stavroula	f	58
Steacy	f	13
Stecy	f	51
Stefani	f	36
Stefania	f	188
Stefanie	f	771
Stefanny	f	32
Stefany	f	230
Steffany	f	18
Steffi	f	47
Steffie	f	32
Steffy	f	34
Stela	f	20
Stella	f	1544
Stella Rose	f	26
Stella-Rose	f	117
Stellie	f	22
Stelly	f	16
Stephane	f	45
Stephani	f	15
Stephania	f	63
Stephanie	f	21390
Stephanie Ann	f	16
Stephanie L	f	11
Stephannie	f	28
Stephanny	f	13
Stephany	f	340
Stephie	f	22
Stephy	f	13
Stessy	f	18
Steven	f	22
Stevie	f	17
Sue Ellen	f	13
Sue Helen	f	11
Suha	f	13
Suhana	f	14
Sultan	f	12
Sultana	f	13
Sumaiya	f	30
Suman	f	14
Sumaya	f	29
Summer	f	206
Sundus	f	16
Sunita	f	15
Sunny	f	53
Sunshine	f	26
Sura	f	22
Suri	f	13
Sury	f	26
Susan	f	166
Susana	f	70
Susanna	f	26
Susannah	f	16
Susanne	f	19
Susie	f	175
Susy	f	18
Suzan	f	21
Suzana	f	27
Suzanna	f	28
Suzanne	f	416
Suzelle	f	15
Suzette	f	12
Suzie	f	577
Suzy	f	135
Svetlana	f	48
Sybel	f	17
Sybelle	f	18
Sybil	f	19
Sybille	f	18
Sydnee	f	19
Sydney	f	493
Sydra	f	20
Syeda	f	17
Sylia	f	41
Sylvain	f	11
Sylvana	f	25
Sylvia	f	267
Sylviane	f	80
Sylvianne	f	126
Sylvie	f	1054
Sylvie Anne	f	26
Sylvie-Anne	f	13
Syndie	f	44
Syndy	f	16
Synthia	f	101
Syntia	f	29
Syra	f	13
Syrine	f	153
Tabassum	f	11
Tabasum	f	11
Tabatha	f	33
Tabitha	f	72
Taha	f	11
Tahani	f	12
Tahina	f	22
Tahira	f	24
Tahlia	f	21
Tahmina	f	19
Taicha	f	13
Taima	f	15
Taina	f	191
Tais	f	11
Taisha	f	59
Takwa	f	14
Tal	f	11
Tala	f	168
Talar	f	35
Taleen	f	16
Tali	f	57
Talia	f	582
Taliah	f	19
Taliana	f	12
Talie	f	99
Talin	f	17
Talina	f	29
Taline	f	70
Talissa	f	20
Taliya	f	12
Taliyah	f	18
Tallulah	f	13
Tally	f	30
Taly	f	58
Talya	f	154
Talyana	f	13
Talyna	f	16
Tamana	f	35
Tamanna	f	17
Tamar	f	86
Tamara	f	977
Tamarah	f	15
Tamera	f	11
Tami	f	12
Tamia	f	19
Tamie	f	13
Tamika	f	51
Tamila	f	19
Tamira	f	12
Tamisha	f	13
Tammie	f	18
Tammy	f	308
Tammy Lee	f	19
Tamy	f	52
Tamyra	f	11
Tania	f	2389
Tanika	f	23
Tanina	f	24
Tanisha	f	98
Tanja	f	17
Tannaz	f	12
Tanya	f	2139
Tanysha	f	13
Taous	f	13
Tara	f	545
Tarah	f	24
Tara Lynn	f	12
Taryn	f	29
Tasha	f	98
Tasia	f	13
Tasneem	f	46
Tasnia	f	18
Tasnim	f	221
Tasnime	f	114
Tassadit	f	15
Tassnim	f	14
Tassnime	f	11
Tatiana	f	591
Tatianna	f	30
Tatjana	f	27
Tatum	f	12
Tatyana	f	114
Tatyanna	f	16
Taya	f	20
Tayana	f	13
Tayla	f	15
Tayler	f	15
Taylor	f	377
Tayma	f	16
Tayna	f	23
Tea	f	131
Teagan	f	53
Teah	f	12
Tegan	f	15
Tehila	f	18
Teodora	f	77
Teresa	f	176
Tereza	f	13
Teri	f	13
Terra	f	18
Terri	f	25
Terry	f	79
Tesnim	f	34
Tesnime	f	12
Tess	f	100
Tessa	f	395
Tessia	f	17
Tessie	f	12
Tessy	f	19
Teya	f	16
Thaila	f	17
Thaina	f	39
Thais	f	58
Thalia	f	428
Thalie	f	378
Thalina	f	15
Thalissa	f	12
Thaly	f	100
Thalya	f	101
Thalyna	f	11
Thamara	f	40
Thanh	f	16
Thania	f	29
Thanina	f	49
Thanya	f	19
Thara	f	18
Thea	f	462
Thelma	f	14
Theodora	f	98
Theresa	f	132
Therese	f	85
Thessa	f	12
Thida	f	11
Thien Kim	f	18
Thiziri	f	36
Thomas	f	32
Thuy An	f	12
Tia	f	175
Tian	f	18
Tiana	f	135
Tianna	f	60
Tianyi	f	12
Tiara	f	32
Tifanie	f	13
Tifanny	f	23
Tifany	f	41
Tiffani	f	12
Tiffanie	f	37
Tiffany	f	1030
Tijana	f	13
Timea	f	12
Tina	f	693
Tinhinane	f	31
Tiphanie	f	12
Tisha	f	18
Tiya	f	13
Tiziana	f	31
Tiziri	f	21
Toba	f	14
Toby	f	63
Tommy	f	25
Toni	f	12
Tonia	f	22
Tonya	f	26
Tori	f	50
Tova	f	24
Tracey	f	82
Tracy	f	511
Tracy Ann	f	11
Trany	f	13
Tricia	f	210
Tricya	f	31
Trina	f	46
Trinity	f	168
Trish	f	11
Trisha	f	92
Trista	f	24
Tristan	f	72
Trudy	f	23
Trycia	f	197
Tuba	f	14
Tugba	f	14
Tyana	f	30
Tyanna	f	17
Tyler	f	15
Tyna	f	34
Typhanie	f	14
Tyra	f	63
Tzipora	f	14
Tziporah	f	13
Tzirel	f	26
Tzivia	f	19
Tzorty	f	13
Uliana	f	12
Ulyana	f	11
Uma	f	28
Una	f	13
Urielle	f	14
Ursula	f	36
Ursule	f	11
Uzma	f	18
Vaishnavi	f	22
Valence	f	11
Valencia	f	46
Valene	f	37
Valentina	f	696
Valentine	f	118
Valeri	f	12
Valeria	f	393
Valeriane	f	23
Valerie	f	15477
Valerie Anne	f	17
Valeriya	f	30
Valery	f	508
Valerye	f	24
Valeska	f	25
Vana	f	26
Vanda	f	14
Vanesa	f	47
Vanessa	f	10893
Vanessa Marie	f	15
Vania	f	56
Vanina	f	16
Vanna	f	11
Vannessa	f	32
Vanya	f	25
Varsha	f	12
Varvara	f	29
Vasiliki	f	80
Vassiliki	f	25
Veda	f	23
Venessa	f	92
Venezia	f	17
Venus	f	37
Vera	f	104
Verena	f	15
Verona	f	17
Veronic	f	278
Veronica	f	703
Veronick	f	106
Veronik	f	197
Veronika	f	170
Veronique	f	10878
Viana	f	24
Vianna	f	13
Vicki	f	342
Vickie	f	592
Vicky	f	4152
Vickye	f	16
Victoire	f	82
Victoria	f	6310
Victoria Ann	f	11
Victoria Anne	f	13
Victoria Rose	f	30
Victoria-Rose	f	27
Victorine	f	31
Victorya	f	61
Vida	f	22
Vidhi	f	13
Vienna	f	59
Viki	f	29
Vikie	f	33
Viktoria	f	95
Viktoriya	f	28
Viky	f	50
Vincent	f	48
Viola	f	30
Violaine	f	97
Violet	f	176
Violeta	f	51
Violetta	f	33
Violette	f	551
Virginia	f	146
Virginie	f	3048
Virginy	f	24
Vita	f	12
Vithusha	f	12
Vittoria	f	57
Vivian	f	215
Viviana	f	73
Viviane	f	986
Vivianne	f	408
Vivien	f	30
Vivienne	f	48
Vlada	f	20
Vladislava	f	13
Wafa	f	55
Wafaa	f	41
Wala	f	12
Walaa	f	21
Wanda	f	19
Warda	f	22
Wassila	f	28
Weena	f	24
Wei	f	13
Wen	f	11
Wendy	f	422
Whitney	f	66
Wiam	f	42
Wiame	f	23
Widad	f	22
Wideline	f	12
Widline	f	12
Widlyne	f	11
Wijdane	f	24
Willa	f	15
William	f	61
Willow	f	134
Windy	f	26
Winnie	f	81
Winona	f	13
Winter	f	12
Wissal	f	92
Wissam	f	40
Wissem	f	27
Withney	f	13
Wren	f	11
Wynter	f	14
Xavier	f	13
Xena	f	22
Xenia	f	37
Xi	f	27
Xia	f	13
Xiang	f	11
Xiao	f	17
Ximena	f	43
Xin	f	27
Xin Yi	f	22
Xinyi	f	29
Xin Yu	f	17
Xinyu	f	17
Xin Yue	f	16
Xinyue	f	22
Xiomara	f	23
Xuan	f	16
Yacine	f	38
Yael	f	127
Yaelle	f	56
Yakine	f	19
Yalda	f	43
Yamina	f	42
Yan	f	30
Yana	f	94
Yancy	f	19
Yanelle	f	13
Yang	f	35
Yanick	f	20
Yanie	f	69
Yanika	f	23
Yanilou	f	12
Yanina	f	15
Yanka	f	17
Yanna	f	28
Yannick	f	65
Yannie	f	58
Yara	f	415
Yasaman	f	25
Yasamin	f	27
Yasemin	f	23
Yasma	f	11
Yasmeen	f	104
Yasmin	f	203
Yasmina	f	290
Yasmine	f	2728
Yasna	f	17
Yassine	f	26
Yassmina	f	14
Yassmine	f	129
Yehudis	f	31
Yekaterina	f	15
Yelena	f	35
Yelyzaveta	f	23
Yenty	f	12
Yesenia	f	18
Yesmine	f	28
Yessenia	f	13
Yessica	f	11
Yeva	f	18
Yi	f	38
Yides	f	26
Yi Fan	f	11
Yifan	f	12
Yifei	f	11
Yilin	f	14
Ying	f	26
Yinuo	f	11
Yiran	f	17
Yiting	f	11
Yitty	f	107
Yixin	f	13
Yixuan	f	14
Yoana	f	17
Yoanna	f	23
Yocheved	f	57
Yohana	f	15
Yohanna	f	12
Yolaine	f	49
Yolanda	f	42
Yolande	f	29
Yomna	f	31
Yona	f	16
Yosr	f	20
Yosra	f	44
Yossra	f	11
Youmna	f	42
Yousra	f	268
Youssra	f	64
Youstina	f	11
Ysabel	f	27
Ysabelle	f	52
Yseult	f	18
Yu	f	32
Yuan	f	25
Yuchen	f	11
Yue	f	42
Yuhan	f	19
Yuki	f	21
Yulia	f	47
Yuliana	f	14
Yuliya	f	36
Yumi	f	13
Yumna	f	16
Yun	f	14
Yuna	f	74
Yuqi	f	13
Yusra	f	41
Yu Tong	f	19
Yutong	f	27
Yuval	f	12
Yu Xin	f	13
Yuxin	f	15
Yvana	f	19
Yvanie	f	13
Yvanna	f	20
Yveline	f	15
Yvette	f	44
Yvonne	f	86
Zaara	f	18
Zachary	f	15
Zaelie	f	14
Zahara	f	11
Zahia	f	23
Zahira	f	15
Zahra	f	419
Zahraa	f	104
Zaia	f	30
Zain	f	13
Zaina	f	58
Zainab	f	287
Zaineb	f	60
Zaira	f	18
Zakaria	f	24
Zakia	f	41
Zakiya	f	13
Zalae	f	18
Zalia	f	11
Zana	f	12
Zanae	f	11
Zara	f	397
Zarah	f	47
Zareen	f	14
Zaria	f	13
Zariah	f	11
Zarina	f	22
Zawadi	f	13
Zaya	f	50
Zayna	f	25
Zaynab	f	169
Zayneb	f	36
Zea	f	26
Zeenat	f	16
Zehra	f	16
Zeina	f	163
Zeinab	f	177
Zeineb	f	80
Zelda	f	41
Zelia	f	68
Zelie	f	72
Zelya	f	12
Zena	f	64
Zenab	f	22
Zeyna	f	14
Zeynab	f	24
Zeyneb	f	15
Zeynep	f	40
Zia	f	161
Zihan	f	14
Zina	f	69
Zineb	f	322
Ziqi	f	19
Zissy	f	56
Ziva	f	14
Zlata	f	23
Zoe	f	6867
Zoee	f	47
Zoe-Lee	f	11
Zoelie	f	272
Zoely	f	75
Zoey	f	694
Zofia	f	27
Zoha	f	38
Zohal	f	28
Zohra	f	93
Zola	f	21
Zora	f	51
Zoya	f	100
Zuhal	f	21
Zuhra	f	13
Zya	f	31
