lastname	cnt
Abate	2
Aubertin	7
Béliveau	46
Borduas	8
Abbas	4
Aubin	71
Belizaire	2
Borges	2
Abbott	4
Aubrey	1
Bell	13
Borghol	1
Abboud	4
Aubry	27
Bellavance	28
Borgia	4
Abdallah	6
Aubuchon	4
Belleau	19
Bornais	2
Abdo	1
Aubut	19
Bellefeuille	10
Borno	1
Abecassis	2
Auclair	57
Bellefleur	21
Borris	2
Abel	10
Aucoin	9
Bellegarde	2
Borsellino	3
Abellard	2
Audet	146
Bellemare	59
Bossé	37
Abitbol	4
Audy	20
Bellerive	10
Bosum	4
Aboujaoude	1
Auger	100
Bellerose	18
Botelho	3
Abraham	6
Auguste	6
Belleville	8
Bouchard	529
Abran	6
Augustin	8
Bellevue	1
Boucher	340
Achille	1
Aumais	3
Belley	37
Boudreau	199
Acosta	3
Aumont	9
Bellini	1
Boudrias	13
Adam	32
Aupin	2
Bello	1
Boudriau	3
Adams	21
Aurélien	2
Beloin	3
Bouffard	63
Addison	2
Aussant	2
Belony	2
Bougie	18
Adjei	1
Austin	3
Belval	7
Bouillon	9
Adler	3
Authier	7
Belzile	29
Boulais	8
Adolphe	2
Avoine	6
Bénard	19
Boulanger	79
Aganier	1
Avon	3
Benchimol	2
Boulard	3
Agnant	1
Avril	1
Bendayan	1
Boulay	45
Agostino	2
Awad	4
Benedict	2
Boule	14
Aguiar	3
Awada	4
Benfeito	1
Boulerice	10
Aguilar	4
Awan	2
Benitez	3
Boulet	54
Aguirre	1
Awashish	24
Benjamin	14
Boulianne	61
Ahern	2
Ayala	3
Benlolo	2
Boulos	2
Ahier	1
Ayers	1
Bennett	8
Bourassa	68
Ahmad	7
Aylwin	4
Benny	3
Bourbeau	17
Ahmed	17
Ayotte	48
Benoît	125
Bourbonnais	18
Aimé	1
Ayoub	4
Bensimon	2
Bourbonnière	4
Ainalik	2
Azar	3
Benson	2
Bourcier	6
Ainsley	2
Aziz	4
Bentley	1
Bourdages	26
Aird	2
Azor	1
Benwell	2
Bourdeau	30
Airoldi	2
Azoulay	4
Bérard	27
Bourdon	27
Aitken	2
Azzi	3
Berardi	1
Bourdua	3
Akhtar	4
Babeux	3
Bercier	3
Bourgault	37
Akhter	6
Babin	30
Berger	23
Bourgelas	4
Akl	2
Babineau	7
Bergeron	398
Bourgeois	75
Alain	45
Bachand	17
Bergevin	17
Bourget	35
Alaku	2
Bacon	24
Bériault	9
Bourgie	3
Alam	3
Badeau	4
Berlinguette	3
Bourgoin	28
Alameddine	2
Badger	1
Bernaquez	2
Bourgon	8
Alarcon	2
Bah	2
Bernard	134
Bourguignon	4
Alarie	37
Bahl	2
Bernardi	1
Bourke	2
Albanese	2
Bailey	9
Bernardo	1
Bournival	12
Albert	32
Baillargeon	43
Bernatchez	29
Bourque	70
Alcindor	1
Bain	2
Berndt	1
Bourré	3
Alepin	1
Baird	3
Bernèche	4
Bourrelle	1
Alexander	7
Baker	14
Bernicky	1
Bourret	16
Alexandre	17
Balan	1
Bernier	232
Boursier	2
Alexis	4
Balasingam	1
Berniquez	4
Boursiquot	1
Alfano	1
Baldassarre	2
Bernstein	2
Bousquet	21
Alfaro	4
Balde	1
Berrouard	2
Boutet	26
Alfieri	1
Baldwin	2
Berry	4
Bouthillette	12
Alfred	2
Ball	3
Berteau	2
Bouthillier	18
Ali	14
Ballabey	2
Berthe	1
Bouthot	7
Alie	10
Ballard	4
Berthelet	8
Boutin	122
Alix	6
Balthazar	4
Berthelot	13
Boutros	3
Allaire	48
Banks	2
Berthiaume	52
Bouvette	4
Allard	157
Bannon	3
Berthold	2
Bouvier	13
Allen	24
Banville	20
Bertin	4
Bouvrette	6
Alleyne	4
Baptista	1
Bertone	1
Bowen	3
Allison	4
Baptiste	4
Bertrand	128
Bowes	2
Ally	2
Barabé	8
Bérubé	186
Boyadjian	1
Almeida	4
Barakat	1
Besner	12
Boyce	4
Alphonse	3
Baran	2
Bessette	37
Boyd	4
Althot	3
Barba	1
Besson	2
Boyer	67
Altidor	2
Barbe	13
Best	2
Boyle	4
Alvarado	4
Barbeau	37
Betit	2
Boyte	2
Alvarenga	1
Barber	3
Bétournay	2
Brabant	13
Alvarez	7
Barbier	4
Bettencourt	3
Bracken	1
Alves	4
Barbieri	2
Bettez	4
Bradette	13
Amar	4
Barbin	3
Bety	2
Bradford	1
Amaral	4
Barbosa	4
Bezeau	8
Bradley	8
Amato	4
Barclay	2
Bhatti	2
Bradshaw	2
Amaya	2
Bard	8
Bhérer	7
Brady	4
Ambroise	6
Bardier	2
Bhuiyan	1
Brais	10
Amesse	3
Bargone	1
Bianco	2
Branchaud	7
Amin	2
Baribeau	24
Biard	1
Branco	4
Amir	1
Baril	65
Bibeau	39
Branconnier	2
Amireault	2
Bariteau	1
Bibi	2
Brassard	89
Amiri	2
Barker	2
Bidegare	1
Brasseur	8
Ammar	2
Barkley	1
Biello	1
Brathwaite	3
Amos	4
Barlow	2
Bienaimé	6
Brault	74
Ampleman	3
Barnabé	4
Bienvenue	14
Braun	4
Amyot	26
Barnaby	4
Bigaouette	3
Bravo	1
Amzallag	1
Barnes	8
Bigeault	1
Bray	4
Anctil	27
Barnett	2
Bigelow	1
Brazeau	39
Andersen	1
Barolet	1
Bigras	28
Bréard	3
Anderson	24
Baron	24
Bigué	2
Brennan	6
Andrade	6
Barone	2
Bill	1
Bresse	3
Andraos	2
Barr	2
Billard	2
Breton	119
André	16
Barras	2
Billette	3
Briand	23
Andrew	1
Barré	7
Bilodeau	177
Briard	1
Andrews	6
Barrera	1
Binette	50
Bricault	4
Angel	2
Barrette	67
Biondi	1
Brideau	9
Angelopoulos	2
Barriault	14
Bird	2
Brie	3
Angers	20
Barrière	7
Biron	20
Brien	28
Anglade	1
Barrington	1
Bisaillon	20
Brière	59
Anglehart	9
Barrios	2
Bishop	4
Briggs	2
Angnatuk	4
Barry	9
Bisson	85
Brillant	6
Angrignon	3
Barsalou	4
Bissonnette	71
Brillon	2
Anichinapeo	1
Barsetti	1
Bistodeau	2
Brin	4
Annahatak	2
Barthe	3
Bitar	3
Brindamour	6
Annanack	7
Barthélémy	4
Bitton	4
Brindle	2
Annett	2
Bartlett	3
Bizier	8
Brisebois	57
Antaya	2
Basile	3
Black	8
Brissette	17
Anthony	2
Basque	8
Blackburn	39
Brisson	85
Antoine	9
Bastarache	4
Blackned	4
Brito	1
Antonacci	2
Bastien	64
Blacksmith	7
Britton	1
Antonio	1
Bastille	4
Blain	29
Brizard	3
Antonucci	1
Bastone	1
Blair	4
Brochu	74
Antoun	1
Bates	4
Blais	214
Brock	2
Antunes	2
Batista	6
Blaise	2
Brodeur	65
Anwar	2
Battisti	1
Blake	4
Bronsard	4
Aoun	3
Bauer	2
Blanc	4
Brooks	7
Apollon	2
Baum	2
Blanchard	50
Broomfield	1
Appiah	2
Bautista	2
Blanchette	175
Brophy	2
Appleby	2
Baxter	3
Blanco	1
Brossard	9
April	17
Bayard	8
Blaney	3
Brosseau	32
Aquin	2
Bazile	2
Blaquière	6
Brossoit	4
Aquino	2
Bazin	4
Bleau	17
Brouard	4
Araujo	4
Bazinet	26
Blier	12
Brouillard	27
Arbic	2
Bean	2
Blondeau	9
Brouillette	41
Arbour	28
Bearskin	4
Blondin	19
Brousseau	72
Arcand	24
Beattie	3
Blouin	97
Brown	57
Archambault	86
Beaubien	7
Blum	1
Bruce	2
Archer	4
Beaubrun	1
Bluteau	8
Brûlé	16
Archibald	1
Beaucage	17
Bobbish	3
Brulotte	9
Arcouette	2
Beaucaire	1
Bobbitt	2
Brun	6
Arcuri	2
Beauchamp	96
Bock	2
Bruneau	46
Ardouin	1
Beauchemin	57
Bockus	3
Brunelle	45
Arès	8
Beaucher	2
Bohbot	2
Brunet	108
Arevalo	2
Beauchesne	28
Bohémier	3
Bruni	1
Argento	2
Beauclair	2
Boilard	21
Brutus	4
Argueta	2
Beaudet	52
Boileau	28
Bruyère	8
Arguin	8
Beaudin	54
Boily	78
Bruzzese	2
Arial	3
Beaudoin	207
Boire	4
Bryan	2
Arias	2
Beaudreault	3
Bois	32
Bryant	2
Armand	4
Beaudry	83
Boisclair	29
Bryson	1
Armstrong	12
Beaufort	1
Boisjoli	17
Bucci	4
Arnault	3
Beaulac	14
Boismenu	4
Buchanan	4
Arnold	7
Beaulé	10
Boissé	4
Buck	2
Arpin	14
Beaulieu	300
Boisseau	4
Buckle	1
Arruda	4
Beaulne	16
Boisselle	4
Buckley	2
Arsenault	170
Beaumier	18
Boissinot	3
Buffone	2
Arteau	2
Beaumont	25
Boissonneault	37
Bui	8
Arthur	3
Beaunoyer	4
Boissy	3
Buisson	8
Arumugam	2
Beauparlant	4
Boisvenue	4
Buist	3
Arvisais	6
Beaupré	61
Boisvert	186
Bujold	41
Asfour	1
Beauregard	98
Boiteau	4
Bullfrog	1
Ash	2
Beaurivage	4
Boivin	152
Buono	1
Ashby	4
Beauseigle	2
Boland	2
Bureau	35
Ashini	1
Beauséjour	20
Bolduc	187
Burelle	6
Ashton	2
Beausoleil	21
Bombardier	14
Burgess	4
Aspirot	8
Beauvais	28
Bonami	3
Burgoyne	2
Assaad	2
Beauvillier	2
Bond	20
Burke	9
Assaf	3
Bechamp	3
Bondu	4
Burnett	2
Assayag	2
Béchard	18
Bonenfant	14
Burnham	2
Asselin	93
Beck	4
Bonhomme	8
Burns	8
Assi	2
Bécotte	3
Bonilla	3
Buron	2
Assouline	3
Bédard	250
Bonin	32
Burrows	2
Aster	1
Beebe	1
Bonneau	43
Burton	3
Atallah	3
Bégin	79
Bonnette	3
Bush	3
Athot	2
Begum	14
Bonneville	9
Busque	17
Atkinson	1
Bélair	41
Bonnier	4
Bussières	43
Atsynia	2
Béland	86
Bonsaint	2
Buteau	12
Attar	1
Bélanger	428
Bonsant	1
Butler	6
Attias	2
Belcourt	3
Booth	3
Butt	4
Au	2
Bélec	14
Bordage	2
Buttle	2
Aubé	46
Belhumeur	17
Bordeleau	39
Buzzell	4
Aubert	9
Bélisle	90
Borden	2
Byrne	3
Byrns	2
Caballero	2
Chênevert	4
Daigle	103
Dessaints	1
Cabana	18
Cheng	6
Daigneault	56
Dessources	1
Cabot	4
Chénier	35
Dalcourt	3
Dessureault	28
Cabral	8
Cherrier	3
Dalesio	2
Desterres	2
Cabrera	3
Chery	8
Dalessandro	2
Destin	1
Cacchione	1
Cheslock	1
Daley	2
Destounis	1
Caceres	1
Cheung	7
Dallaire	98
Destrempes	2
Cadet	7
Chevalier	41
Dalpé	17
Destroismaisons	1
Cadieux	57
Chevanel	2
Dalphond	2
Désy	8
Cadorette	18
Chevarie	14
Dalton	2
Detonnancourt	1
Cadotte	8
Chévigny	1
Daly	4
Deutsch	2
Cadrin	4
Chèvrefils	3
Dam	2
Devarennes	3
Cahill	3
Chevrette	9
Damas	2
Deveault	25
Cai	1
Chevrier	30
Damato	2
Devillers	2
Caillé	4
Chiasson	41
Damboise	3
Devin	3
Cain	7
Chicoine	28
Dambrosio	2
Devine	2
Caisse	6
Chidiac	1
Dame	3
Devito	2
Caissy	18
Chief	1
Damico	7
Devlin	1
Cajolet	3
Chilton	3
Damien	2
Devries	1
Cajuste	2
Chin	4
Damore	1
Dewar	2
Calabrese	3
Chiovitti	1
Damours	43
Dextradeur	2
Calce	2
Chiquette	1
Damphousse	4
Dextraze	4
Calder	1
Chisholm	2
Dancause	7
Déziel	21
Calderon	3
Chiskamish	2
Dandeneault	2
Dhaïti	2
Calderone	1
Chiu	2
Dandonneau	1
Dhaliwal	2
Caldwell	2
Cho	2
Dandrea	2
Dhillon	4
Calixte	4
Choi	4
Dandurand	10
Diab	1
Callender	2
Choinière	19
Daneau	17
Diabo	10
Caluori	2
Cholette	14
Dang	10
Diallo	4
Calvé	4
Chong	2
Dangelo	4
Diamond	17
Camacho	2
Choquette	41
Daniel	13
Diarra	2
Camara	4
Choudhury	2
Daniels	2
Diaz	17
Camden	1
Chouinard	104
Danis	25
Dib	2
Cameron	18
Chow	4
Danjou	14
Dibenedetto	2
Camille	2
Chowdhury	7
Dansereau	17
Dibiase	1
Camirand	12
Chrétien	37
Dantonio	1
Diblasio	2
Camiré	14
Christensen	2
Dao	6
Dicaire	13
Cammisano	2
Christie	3
Daoud	3
Dicaprio	1
Campagna	9
Christin	3
Daoust	75
Dicarlo	2
Campanella	1
Chu	4
Daponte	3
Dicesare	2
Campanelli	2
Chung	7
Daragon	2
Dick	4
Campbell	35
Church	2
Daraiche	16
Dickey	2
Campeau	52
Cianci	2
Darbouze	1
Dickner	3
Campion	4
Ciccarelli	2
Darby	1
Dickson	3
Campisi	2
Ciccone	2
Darche	2
Didier	2
Campos	3
Cinqmars	8
Darcy	4
Diep	4
Camus	1
Cioffi	1
Dargis	4
Dieudonné	1
Canape	2
Circé	2
Dargy	2
Dieujuste	1
Cannon	1
Cissé	1
Darsigny	4
Difiore	1
Cano	1
Civil	1
Darveau	16
Difrancesco	2
Cantara	1
Claing	3
Darwiche	2
Difruscia	2
Cantave	3
Clair	2
Das	2
Digenova	4
Cantin	68
Clairmont	2
Dasilva	23
Digiacomo	2
Canuel	18
Clairoux	3
Dastous	18
Digiovanni	2
Cao	4
Clarke	28
Daudelin	13
Digirolamo	2
Caouette	41
Clary	2
Daunais	8
Dignard	6
Capistran	2
Claude	8
Dauphin	8
Diioia	2
Caplan	2
Claveau	30
Dauphinais	14
Diiorio	4
Caplette	3
Clavel	6
Dauteuil	8
Dilalla	1
Cappelli	1
Clavet	16
Davey	1
Dilillo	2
Capuano	1
Clayton	1
Daviault	18
Dimarco	2
Caputo	3
Cleary	8
David	50
Dimichele	1
Carbone	3
Clément	72
Davidson	14
Dimopoulos	1
Carbonneau	35
Clemente	2
Davies	7
Dinardo	2
Cardenas	1
Clergé	2
Davignon	8
Dinelle	14
Cardillo	2
Clermont	34
Davila	1
Dingman	1
Cardin	17
Cléroux	14
Davis	19
Dinh	4
Cardinal	56
Cliche	28
Dawson	4
Diodati	1
Cardoso	2
Clifford	1
Day	8
Dion	188
Carette	3
Clouâtre	6
Dayan	3
Dionne	130
Carey	4
Clouette	3
Daze	4
Diop	1
Carignan	30
Clouston	3
Dea	3
Diorio	1
Carle	16
Cloutier	296
Dean	2
Diotte	18
Carlone	1
Clusiau	2
Deangelis	3
Dipalma	2
Carlos	2
Coache	2
Debeaumont	1
Dipaola	1
Carmel	4
Coallier	8
Debellefeuille	8
Dipaolo	3
Carmichael	4
Coates	3
Debien	2
Dipasquale	1
Carnevale	2
Cochrane	3
Debigare	1
Dipietro	3
Caron	321
Coderre	20
Deblois	26
Diraddo	1
Carpentier	37
Cody	2
Debonis	1
Dire	2
Carr	3
Coelho	3
Décarie	17
Distaulo	1
Carranza	1
Coffin	2
Decarufel	6
Distefano	4
Carré	8
Cohen	27
Decelles	10
Ditomasso	2
Carreau	14
Coiteux	2
Dechamplain	9
Ditullio	2
Carreiro	3
Colangelo	2
Dechantal	2
Dixon	7
Carrier	136
Colas	4
Déchêne	3
Dizazzo	2
Carrière	70
Colbert	2
Décosse	2
Do	8
Carriero	1
Colby	1
Décoste	10
Doan	6
Carrillo	2
Cole	4
Decourval	2
Dobbs	3
Carroll	8
Colella	2
Deer	4
Dobson	2
Carruthers	1
Coleman	3
Defoy	8
Dodd	1
Carson	3
Coles	1
Defrancesco	2
Doddridge	2
Carter	8
Coll	3
Degagné	4
Dodge	1
Cartier	20
Collard	18
Degarie	6
Dodier	8
Cartwright	1
Collerette	4
Degongre	1
Doherty	3
Caruana	2
Collette	14
Degrâce	4
Doire	3
Caruso	4
Collin	52
Degrandmaison	2
Doiron	17
Carvajal	2
Collins	17
Degrandpré	8
Dolan	2
Carvalho	4
Colombo	2
Degré	2
Dolbec	10
Casabon	2
Colpron	3
Deguire	12
Domaine	1
Casale	1
Comeau	48
Deguise	7
Dombrowski	1
Casaubon	3
Compagnat	2
Deguzman	2
Domingue	8
Casault	4
Compère	1
Dejean	2
Dominguez	4
Casavant	16
Complaisance	2
Delachevrotière	2
Dominique	12
Casgrain	3
Comte	6
Delacruz	2
Dompierre	13
Casimir	4
Comtois	39
Deladurantaye	7
Donahue	3
Casseus	3
Condo	3
Delafontaine	6
Donais	4
Cassidy	4
Connelly	4
Delâge	17
Donaldson	4
Cassista	4
Connolly	6
Delagrave	2
Donato	1
Cassivi	4
Connor	2
Delamarre	2
Dong	1
Castagnier	1
Connors	2
Deland	4
Donnelly	3
Castaneda	2
Conroy	2
Delaney	4
Donofrio	3
Castellanos	1
Constant	8
Delangis	1
Donovan	4
Castelli	3
Constantin	8
Delaronde	3
Dontigny	6
Castillo	8
Constantineau	17
Delarosbil	8
Dor	1
Castilloux	13
Contant	12
Delasablonnière	3
Dorais	13
Castonguay	74
Conti	1
Delaunais	1
Doran	2
Castor	2
Contreras	3
Delaunière	3
Doré	48
Castro	7
Conway	3
Delbalso	2
Dorion	24
Cataford	2
Coocoo	2
Delcourt	2
Dormoy	1
Catalano	2
Cook	12
Deleon	4
Dorsainvil	1
Catellier	3
Cookie	2
Delétoile	2
Dorval	25
Cater	2
Cool	3
Delgado	2
Dorvil	2
Catudal	3
Coombs	1
Delia	2
Dossantos	4
Caty	2
Coon	2
Delice	1
Dostaler	2
Caucci	3
Cooncome	3
Delisle	75
Dostie	21
Cauchon	17
Coonishish	3
Delledonne	2
Douaire	1
Caumartin	2
Cooper	10
Dellicolli	2
Doucet	90
Cauvier	3
Coppola	2
Delorme	32
Dougherty	2
Caux	3
Corbeil	68
Delormier	1
Douglas	4
Cavaliere	2
Corbett	4
Delpapa	1
Douillard	2
Cavanagh	8
Corbière	1
Deluca	8
Doutre	2
Caya	14
Corbin	26
Delude	1
Douville	14
Cayen	2
Corbo	1
Delva	3
Douyon	1
Cayer	29
Corcoran	2
Delvecchio	3
Dow	3
Caza	7
Cordeau	9
Demarco	2
Downey	3
Cazelais	1
Cordeiro	6
Demelo	4
Downing	2
Cazes	3
Corey	1
Demers	202
Downs	1
Cecere	1
Coriolan	1
Demeule	4
Doyer	2
Cécyre	3
Cormier	93
Demirdjian	1
Doyle	17
Cédilotte	1
Corneau	14
Demontigny	14
Doyon	71
Ceitlin	1
Cornejo	2
Demosthène	3
Dozois	4
Céleste	1
Cornellier	3
Dempsey	2
Dragon	2
Célestin	4
Correa	2
Deneault	28
Drainville	7
Cerat	2
Correia	7
Deng	2
Drapeau	45
Céré	8
Corrigan	2
Denicourt	3
Draper	2
Cerone	1
Corriveau	70
Deniger	3
Drew	3
César	3
Corsi	1
Denis	97
Driscoll	2
Chabot	109
Cortese	1
Denisdamee	2
Drisdelle	1
Chachai	10
Cortez	4
Denommée	14
Drolet	83
Chacon	2
Cosentino	2
Denoncourt	7
Drouin	122
Chagnon	46
Cosgrove	2
Deoliveira	2
Drummond	3
Chahine	3
Cossette	52
Deom	1
Drysdale	2
Chaine	10
Costa	9
Depalma	2
Dsouza	2
Chakapash	1
Costanzo	1
Depeault	3
Du	2
Chalhoub	2
Costello	2
Depelteau	4
Duarte	4
Chalifour	12
Côté	691
Depetrillo	1
Dubé	296
Chalifoux	27
Cotnoir	8
Depont	2
Dubeau	28
Chalmers	1
Cotton	12
Dépôt	4
Dubois	175
Chaloux	4
Coude	4
Deragon	4
Dubord	8
Chalut	4
Couet	4
Deraiche	6
Dubreuil	27
Chamaillard	2
Couillard	25
Deraspe	16
Dubuc	59
Chamard	3
Coulombe	107
Derepentigny	9
Dubuisson	1
Chamberlain	4
Coupal	9
Derome	8
Ducap	3
Chamberland	54
Courcelles	6
Derosa	2
Ducas	13
Chambers	3
Courchesne	45
Derosby	2
Duceppe	4
Chami	1
Courcy	9
Derose	2
Ducharme	70
Chamoun	2
Cournoyer	37
Derouin	3
Duchemin	4
Champagne	173
Coursol	8
Deroy	14
Duchesne	116
Champeau	2
Court	1
Derrico	1
Duchesneau	27
Champigny	8
Courteau	8
Déry	48
Duciaume	1
Champion	3
Courtemanche	27
Desabrais	4
Duclos	25
Champoux	24
Courtois	13
Desainde	2
Dufault	12
Chan	24
Courval	3
Desalliers	6
Duff	4
Chandonnet	8
Courville	9
Desantis	4
Duffy	2
Chang	6
Cousin	3
Desaulniers	37
Dufort	19
Chantal	7
Cousineau	43
Desautels	25
Dufour	190
Chantigny	4
Couto	3
Desbiens	90
Dufresne	85
Chao	3
Coutu	46
Desbois	6
Dugal	12
Chapadeau	1
Couture	219
Deschambault	8
Dugas	41
Chapados	8
Couturier	25
Deschamps	54
Dugré	9
Chapdelaine	24
Couvrette	4
Deschâtelets	8
Dugrenier	2
Chaperon	4
Cowan	3
Descheneaux	4
Duguay	76
Chapleau	6
Cox	7
Deschênes	157
Duhaime	18
Chapman	6
Coyle	2
Descormiers	2
Duhamel	19
Chaput	37
Craig	8
Descôteaux	28
Dulac	10
Charbonneau	152
Crawford	4
Deserres	6
Dulmaine	1
Charest	79
Crépeau	20
Desève	4
Dulong	4
Charette	94
Crépin	2
Desforges	16
Dulude	20
Charland	43
Crête	23
Desfossés	17
Dumaine	4
Charlebois	41
Crevier	21
Desgagné	46
Dumais	52
Charles	35
Crispin	4
Desgens	2
Dumaresq	4
Charlish	2
Crispo	1
Desgranges	3
Dumas	79
Charlot	2
Cristiano	2
Desgroseilliers	10
Dumay	2
Charlton	2
Crites	1
Deshaies	27
Dumberry	3
Charpentier	24
Crochetière	3
Desharnais	14
Dumesnil	4
Charrier	3
Croft	4
Désilets	35
Dumont	119
Charrois	2
Croisetière	6
Desimone	1
Dumontet	2
Charron	111
Cromp	2
Désir	7
Dumontier	6
Chartier	45
Cronier	4
Desiré	2
Dumouchel	19
Chartrand	83
Crook	2
Desjardins	223
Dumoulin	30
Chartré	7
Crosby	1
Desjarlais	3
Dumulong	4
Chase	4
Cross	7
Desjean	2
Dunberry	2
Chasles	3
Croteau	78
Deslandes	14
Duncan	4
Chassé	32
Croussette	7
Deslauriers	52
Dunn	18
Chateauneuf	4
Crow	2
Deslières	2
Duong	9
Chateauvert	6
Croxen	1
Deslippe	2
Dupaul	2
Chatel	4
Croze	1
Desloges	8
Dupéré	19
Châtelain	6
Cruz	8
Deslongchamps	8
Duperron	8
Chatelois	2
Cuerrier	7
Desmanches	1
Duplain	4
Chatigny	4
Cuffaro	1
Desmarais	75
Duplantie	4
Chatillon	2
Cuillerier	4
Desmarchais	4
Duplessis	14
Chau	7
Cullen	3
Desmarteau	4
Dupont	94
Chaudhary	1
Cummings	8
Desmeules	24
Dupras	19
Chaudhry	4
Cunha	1
Desnoyers	21
Dupré	17
Chaumont	6
Cunningham	6
Desorcy	2
Dupuis	168
Chauret	4
Curadeau	8
Desormeaux	32
Duquette	70
Chaussé	12
Curotte	2
Desormiers	4
Duranceau	4
Chauvette	13
Currie	3
Desourdy	4
Durand	79
Chauvin	7
Curtis	2
Desousa	8
Duranleau	7
Chavez	4
Cusson	30
Desparois	4
Dure	1
Chavigny	1
Custeau	4
Despars	2
Durette	13
Chayer	25
Cutler	2
Despatie	16
Durivage	4
Chea	4
Cypihot	2
Despins	4
Durocher	57
Chedore	1
Cyr	193
Despots	1
Dusablon	8
Cheezo	4
Cyrenne	6
Després	24
Dussault	61
Chehade	1
Dacosta	6
Desputeau	2
Duteau	4
Chen	17
Dagenais	70
Desranleau	3
Dutemple	1
Chenail	4
Dagher	3
Desrivières	2
Dutil	12
Chénard	28
Dagneau	2
Desrochers	108
Dutremble	2
Chené	2
Dagostino	2
Desroches	46
Dutrisac	3
Chenel	7
Dahan	6
Desrosiers	133
Duval	86
Chenette	2
Daher	3
Desruisseaux	13
Dwyer	1
Dyer	2
East	2
French	3
Graus	2
Hu	3
Ebacher	3
Frenette	46
Gravel	163
Hua	4
Eccles	1
Frenière	3
Graveline	12
Huang	10
Echalook	2
Frenza	1
Graves	1
Huard	59
Echaquan	2
Fréreault	2
Gray	9
Huberdeau	6
Edery	4
Frève	3
Greaves	2
Hubert	28
Edmond	3
Frias	1
Gréco	6
Hudon	59
Édouard	4
Fried	2
Green	14
Hudson	2
Edward	1
Friedman	8
Greenberg	3
Huet	12
Edwards	12
Frigault	4
Greenwood	2
Hughboy	1
Egan	1
Frigon	16
Greer	4
Hughes	8
Eid	6
Friolet	1
Greffard	2
Hui	2
Einish	4
Froment	7
Grégoire	98
Hull	2
Eisenberg	1
Frost	3
Gregory	4
Hum	4
Elbaz	4
Fuchs	2
Grenier	248
Huneault	14
Élément	10
Fuentes	3
Grenon	37
Hunt	8
Élémond	1
Fugère	13
Grewal	3
Hunter	13
Elfassy	2
Fuller	3
Grey	2
Huntington	2
Elhachem	1
Fullum	4
Griffin	7
Huot	48
Elhaddad	1
Fung	2
Griffith	3
Huppé	10
Elhage	2
Fuoco	4
Griffiths	2
Hurdle	3
Elhajj	1
Furlong	1
Grignon	6
Hurens	2
Elias	6
Furlotte	2
Grilli	1
Hurley	1
Elkaim	1
Furtado	4
Grimard	26
Hurteau	4
Elkhoury	6
Fusco	2
Grisé	8
Hurtubise	17
Ellefsen	2
Fyfe	4
Groleau	34
Husereau	1
Elliott	9
Gabbay	2
Grondin	71
Hussain	10
Ellis	6
Gaboriault	4
Grondines	6
Hutchinson	2
Ellyson	3
Gaboury	13
Groslouis	4
Hutchison	2
Elmaleh	2
Gabriel	13
Gross	4
Hutton	2
Elmasri	2
Gadbois	12
Grosset	1
Huynh	20
Eloquin	2
Gadoua	3
Grossman	2
Hynes	3
Elzein	2
Gadoury	14
Grosz	1
Hyppolite	4
Émard	10
Gagliano	3
Grothé	2
Iacono	3
Émery	7
Gagliardi	2
Groulx	39
Ianniciello	1
Émile	2
Gagné	448
Gruber	1
Iannuzzi	2
Emmanuel	2
Gagnier	7
Grunwald	2
Ibrahim	8
Émond	98
Gagnière	1
Gualtieri	1
Icebound	3
Emudluk	1
Gagnon	790
Guan	2
Ifrah	1
Engel	2
Gaignard	2
Guanish	2
Imbeault	41
England	2
Gaillard	2
Guay	155
Imhoff	1
English	8
Gaillardetz	1
Guénard	4
Inkel	4
Ennis	1
Gailloux	2
Guénette	39
Innocent	3
Enright	3
Galardo	1
Guérard	19
Inukpuk	2
Epstein	1
Galarneau	32
Guérette	16
Iorio	2
Erless	1
Galasso	1
Guérin	61
Ip	1
Escobar	4
Galbraith	1
Guernon	4
Ippersiel	4
Espinal	1
Galdamez	1
Guerra	6
Iqbal	1
Espinoza	4
Gale	1
Guerrera	4
Ireland	1
Esposito	4
Galibois	2
Guerrero	3
Irving	1
Essiambre	6
Galipeau	20
Guerrier	7
Irwin	2
Estime	2
Gallagher	6
Guerriero	2
Isaac	7
Estrada	3
Gallant	61
Guertin	32
Isabelle	39
Etapp	1
Gallichan	2
Guevara	3
Iserhoff	3
Éthier	61
Gallien	2
Guévin	6
Ishpatao	3
Étienne	10
Gallo	4
Guèvremont	9
Islam	4
Etok	3
Gamache	52
Guibord	2
Ismail	4
Eugène	4
Gambino	1
Guidi	2
Israël	2
Evangelista	2
Gamble	2
Guignard	4
Issa	7
Evans	8
Gamelin	8
Guilbault	57
Izzi	1
Evoy	2
Gandhi	3
Guilbert	12
Izzo	1
Évrard	1
Ganley	1
Guillaume	6
Jabbour	2
Exantus	2
Gannon	1
Guillemette	83
Jaber	3
Faber	2
Gao	2
Guillette	13
Jack	2
Fabi	2
Gaouette	2
Guillot	8
Jackson	14
Fabien	2
Garabedian	1
Guilmain	3
Jacob	35
Fabre	3
Garand	41
Guimond	59
Jacobs	13
Fabry	2
Garceau	29
Guinard	1
Jacques	136
Fadel	2
Garcia	20
Guindon	28
Jalbert	48
Fafard	26
Gardner	12
Guinois	2
James	9
Fagnan	1
Gareau	26
Guirguis	2
Jamieson	3
Fagnant	2
Gariépy	50
Guitard	9
Janelle	10
Faguy	2
Garneau	59
Guité	4
Jansen	2
Fahey	1
Garnier	3
Gull	4
Janson	2
Faille	8
Garofalo	2
Gunn	4
Janvier	8
Fakhoury	1
Garon	21
Gunner	4
Jaramillo	1
Falardeau	35
Garrett	1
Gunville	2
Jardin	1
Falcon	3
Gascon	21
Guo	2
Jarry	14
Falcone	1
Gaspard	3
Gupta	2
Jarvis	3
Fallon	2
Gasse	9
Gurreri	1
Jasmin	13
Fallu	3
Gaston	2
Gustave	1
Jauvin	4
Fan	1
Gatien	7
Gutierrez	6
Javier	1
Fang	2
Gatineau	2
Guy	25
Jawad	2
Faour	1
Gatti	1
Guyon	4
Jean	146
Farag	1
Gaucher	13
Guzman	4
Jean-Baptiste	16
Farah	4
Gaudet	68
Ha	7
Jean-Charles	4
Farber	2
Gaudin	2
Habib	4
Jean-Claude	1
Fares	3
Gaudio	2
Haché	26
Jean-François	3
Farhat	6
Gaudreault	168
Hachem	3
Jean-Gilles	2
Faria	3
Gaudry	2
Hackett	2
Jean-Jacques	3
Farias	2
Gaul	2
Haddad	13
Jean-Louis	12
Farina	1
Gaulin	19
Hade	1
Jean-Marie	3
Farinaccio	1
Gaumond	23
Haeck	2
Jean-Noël	1
Farkas	2
Gauron	1
Hage	1
Jeannot	3
Farley	9
Gauthier	522
Haidar	3
Jeannotte	8
Farmer	6
Gautreau	2
Haineault	8
Jean-Paul	2
Farrell	4
Gauvin	61
Haines	1
Jean-Philippe	3
Fata	1
Gauvreau	25
Hains	19
Jean-Pierre	8
Faubert	21
Gay	3
Hajjar	3
Jeanson	10
Faucher	71
Gazaille	9
Hakim	3
Jeanty	3
Fauchon	3
Gearey	1
Halde	3
Jeffrey	4
Faulkner	3
Geddes	2
Hall	14
Jenkins	6
Faure	1
Gédéon	4
Hallé	32
Jennings	1
Faust	3
Gee	1
Halperin	2
Jensen	2
Faustin	3
Gelin	3
Hamade	1
Jerôme	13
Fauteux	18
Gélinas	116
Haman	3
Jetté	34
Fauvelle	4
Gélineau	14
Hamaoui	2
Jeudy	2
Favre	2
Gelly	2
Hamel	168
Jeune	2
Favreau	21
Gemme	17
Hamelin	52
Jiang	2
Favron	3
Gendreau	18
Hamilton	18
Jimenez	4
Fawaz	1
Gendron	122
Hammond	4
Joachim	2
Fay	2
Geneau	2
Hammoud	2
Joanisse	9
Fayad	1
Généreux	24
Hamon	4
Joannette	13
Fazio	1
Genesse	4
Han	3
Jobidon	4
Fecteau	30
Genest	48
Handfield	9
Jobin	56
Fekete	2
Génier	3
Hang	2
Jodoin	39
Feldman	4
Genois	10
Hanley	2
Jodry	2
Félix	4
Gentes	2
Hanna	8
John	6
Felteau	1
Gentile	8
Hannan	2
Johnson	39
Felx	2
Geoffrion	8
Hansen	4
Johnston	13
Feng	1
Geoffroy	14
Happyjack	4
Jolette	2
Fequet	3
George	14
Haque	3
Jolibois	2
Ferdinand	2
Georgekish	4
Harb	2
Jolicoeur	32
Ferguson	12
Gérard	6
Harbec	4
Jolin	26
Ferland	82
Gerbeau	2
Harding	4
Jolivet	3
Ferlatte	6
Gerber	1
Hardy	34
Joly	61
Fernandez	18
Gerinlajoie	2
Harel	13
Jomphe	17
Fernando	1
Germain	82
Harnois	19
Joncas	28
Fernet	1
Gervais	114
Harper	4
Jones	39
Ferrante	1
Gervasi	1
Harpin	3
Jordan	3
Ferrara	4
Gestetner	2
Harris	13
Jorge	1
Ferrari	1
Gevry	4
Harrisson	27
Joron	2
Ferraro	3
Ghaddar	1
Harry	1
Joseph	65
Ferreira	10
Ghaleb	1
Hart	7
Joubert	16
Ferri	1
Ghali	1
Hartley	1
Jourdain	17
Ferris	1
Ghamraoui	1
Harton	6
Jourdenais	2
Ferron	16
Ghandour	1
Harvey	122
Journeault	3
Fevrier	1
Ghanem	2
Harvie	2
Joyal	28
Fex	6
Ghattas	1
Hassan	12
Joyce	2
Field	1
Ghosn	1
Hatch	1
Juarez	1
Figueroa	3
Giancola	1
Hautcoeur	2
Jubinville	16
Filiatrault	27
Giard	16
Hawey	2
Jules	4
Filippone	3
Giasson	18
Hawkins	3
Julien	63
Fillion	128
Gibbs	2
Hay	2
Juneau	21
Filsaime	1
Gibeault	14
Hayden	1
Jung	2
Filteau	12
Gibouleau	1
Hayek	1
Jussaume	2
Findlay	2
Gibson	8
Hayes	13
Juste	2
Fink	1
Gignac	35
Hayeur	1
Juteau	16
Finkelstein	1
Giguère	123
Hazan	4
Jutras	46
Finlay	3
Gilbert	148
Hazen	1
Kabir	1
Finn	2
Gill	21
He	4
Kadjulik	1
Fiola	4
Gillespie	3
Healey	2
Kadoch	2
Fiore	4
Gillet	2
Heath	2
Kahan	2
Fiorilli	2
Gillies	1
Hébert	224
Kaiser	2
Fiorino	2
Gillis	3
Hecht	1
Kakabat	1
Fireman	2
Gilmour	3
Hector	1
Kaltush	2
Firth	1
Gilpin	6
Hélie	17
Kamal	2
Fisch	2
Gince	2
Hemmings	2
Kamel	2
Fiset	50
Ginchereau	1
Hénault	20
Kanaan	2
Fisher	12
Gingras	126
Henderson	8
Kanagaratnam	1
Fitzback	4
Gingues	3
Heng	2
Kanapathipillai	1
Fitzgerald	4
Gionet	8
Henley	10
Kandasamy	4
Fitzmorris	1
Giordano	2
Henrichon	2
Kandiah	4
Fitzpatrick	3
Giraldeau	3
Henripin	2
Kane	7
Flageol	4
Girard	356
Henriques	3
Kang	3
Flamand	26
Girardeau	4
Henry	54
Kaplan	2
Flanagan	2
Girardin	6
Héon	8
Kara	1
Fleischman	1
Gironne	2
Heppell	7
Karam	4
Fleming	8
Girouard	39
Hérard	3
Karim	3
Fletcher	4
Giroux	155
Hérault	2
Kassab	2
Fleurant	25
Gittens	2
Herman	1
Kassem	2
Fleury	50
Giuliani	1
Hernandez	20
Kasudluak	3
Flibotte	6
Gladu	13
Herodier	1
Katapatuk	1
Flood	2
Glaude	6
Héroux	32
Katz	7
Florent	3
Glazer	4
Herrera	7
Kaufman	3
Flores	12
Gleeton	1
Herron	1
Kauki	2
Flowers	3
Globensky	3
Hervieux	16
Kaur	20
Floyd	1
Glover	3
Herzog	2
Kausar	1
Fluet	9
Gluck	1
Hester	8
Kawapit	3
Flynn	7
Gobeil	41
Hétu	25
Kay	2
Fogel	2
Godard	13
Hevey	2
Kazan	1
Foisy	25
Godbout	57
Hewitt	3
Kazi	2
Foley	7
Goderre	2
Hickey	3
Kearney	4
Fong	4
Godin	90
Hicks	2
Keating	3
Fonseca	3
Godmer	4
Hidalgo	1
Keays	2
Fontaine	141
Godon	9
Higgins	6
Keenan	1
Forand	12
Goguen	2
Hijazi	1
Keita	2
Forbes	7
Gold	3
Hilaire	3
Keller	3
Forcier	16
Goldberg	4
Hill	10
Kelly	28
Ford	4
Golden	1
Hillman	1
Kemp	4
Forde	2
Goldenberg	1
Hinds	2
Kendall	2
Forest	48
Golding	2
Hinton	1
Kennedy	13
Forget	89
Goldman	3
Hislop	1
Kenney	8
Forgione	2
Goldstein	4
Hivon	4
Kenty	2
Forgues	25
Gollain	1
Ho	12
Kenuajuak	1
Forino	1
Gomez	14
Hoang	8
Kérouack	3
Forlini	2
Goncalves	4
Hobbs	3
Kerr	7
Forte	4
Goneau	2
Hochhauser	2
Kessler	2
Fortier	170
Gonneville	1
Hodge	3
Khalaf	2
Fortin	449
Gonthier	17
Hodgins	2
Khalife	2
Fortugno	2
Gonzalez	21
Hodgson	3
Khalil	6
Fortune	2
Goodleaf	2
Hoffman	3
Khan	25
Foster	14
Goodman	3
Hogan	6
Khanam	1
Foucault	9
Goodwin	2
Hogue	16
Khatun	2
Foucher	7
Gordon	17
Holden	2
Khayat	2
Foucreault	2
Gorley	2
Holder	1
Khoury	14
Fougère	3
Gorman	3
Holland	2
Kidd	1
Fouquet	4
Gosselin	211
Holmes	7
Kim	12
Fournel	14
Goudreau	35
Homan	2
King	17
Fournier	293
Gouge	1
Homier	2
Kingsbury	4
Fowler	3
Gougeon	18
Hong	3
Kingsley	2
Fox	4
Gouger	2
Hooper	2
Kirby	4
Foy	2
Gough	2
Hopkins	2
Kirk	1
Fradette	24
Gouin	23
Hoque	1
Kirouac	17
Franc	2
Gould	3
Horan	2
Kiss	1
Franche	4
Goulet	133
Horn	2
Kistabish	3
Francis	14
Goupil	27
Horne	3
Kitchen	2
Francisco	2
Gour	6
Horowitz	2
Kitty	2
Franco	4
Gourde	7
Horth	9
Klein	10
Francoeur	67
Gourdeau	3
Horvath	4
Kleinberger	1
François	17
Gourdet	1
Hossain	4
Kluke	2
Frank	4
Gourgues	2
Hotte	14
Knafo	1
Frankel	1
Gousse	2
Hottot	2
Knight	4
Franklin	2
Gouveia	2
Houde	83
Knox	3
Frappier	24
Goyer	27
Hould	7
Kohn	2
Fraser	32
Goyette	68
Houle	168
Koneak	2
Fréchette	83
Graham	13
Hounsell	2
Kong	4
Frédéric	6
Grandbois	6
House	4
Kovacs	2
Fredette	14
Grandchamp	3
Hovington	14
Kramer	2
Freedman	2
Grandmaison	14
Howard	4
Kraus	8
Freeman	2
Grandmont	7
Howarth	2
Kudluk	1
Frégeau	8
Granger	10
Howe	2
Kumar	2
Freire	2
Grant	16
Howell	3
Kwan	4
Freitas	2
Gratton	29
Howson	1
Kwok	3
Hoyte	1
Kyle	1
La	2
Lawson	3
Maher	12
McPhee	2
Labadie	4
Lawton	1
Maheux	64
McPherson	4
Labarre	10
Laxton	2
Mahmood	4
McRae	7
Labbé	97
Layette	1
Mahoney	2
McSween	4
Labeaume	1
Lazare	6
Mai	6
McWhirter	1
Labelle	140
Lazaris	2
Mailhot	48
Mecteau	1
Laberge	75
Lazore	4
Maillé	18
Medeiros	14
Labillois	2
Lazure	8
Maillette	8
Medina	4
Labine	6
Le	30
Mailloux	48
Medrano	2
Laboissonnière	2
Leach	2
Mailly	4
Meehan	2
Labonne	2
Leahy	2
Main	3
Mehdi	1
Labonté	89
Leal	1
Mainguy	10
Mei	1
Labonville	2
Leavey	2
Mainville	28
Meikle	1
Labossière	4
Lebeau	37
Maiorano	1
Meilleur	25
Labranche	19
Lebel	97
Maisonneuve	18
Meisels	2
Labre	4
Leber	1
Majeau	8
Mejia	6
Labrèche	13
Leblanc	367
Majeur	1
Mélançon	35
Labrecque	107
Leblond	46
Major	37
Melendez	2
Labrie	71
Leboeuf	37
Mak	2
Melgar	2
Labrosse	16
Lebon	1
Makhoul	1
Melillo	2
Lacaille	6
Lebourdais	2
Makris	1
Melo	6
Lacasse	104
Lebouthillier	4
Malaison	1
Meloche	24
Lacelle	19
Lebovits	1
Malboeuf	6
Membreno	1
Lacerte	17
Lebrasseur	13
Maldonado	2
Ménard	180
Lachaîne	18
Lebreton	6
Malec	6
Mendez	6
Lachambre	3
Lebreux	13
Malenfant	35
Mendonca	2
Lachance	217
Lebrun	50
Malépart	1
Mendoza	4
Lachapelle	79
Lebuis	2
Malik	4
Menjivar	1
Lacharité	17
Lecault	2
Malka	4
Mensah	2
Lacombe	63
Lecavalier	12
Malko	2
Mequish	3
Lacoste	28
Lechasseur	14
Mallais	1
Mercier	188
Lacourse	10
Leclerc	284
Mallette	50
Mercille	3
Lacoursière	19
Lecompte	32
Mallozzi	1
Mercure	12
Lacouture	1
Lecouffe	1
Malo	39
Mercuri	2
Lacroix	137
Lecours	32
Malone	1
Meredith	2
Ladéroute	2
Lecouteur	1
Maloney	6
Merette	4
Ladouceur	50
Lécuyer	35
Malorni	2
Mérineau	4
Ladrie	2
Ledoux	20
Malouin	14
Merisier	1
Ladurantaye	2
Leduc	155
Maltais	86
Mermelstein	1
Lafaille	4
Lee	37
Mamane	3
Messervier	2
Lafantaisie	2
Lefebvre	279
Mameanskum	2
Messier	52
Laferrière	19
Lefort	13
Mancini	8
Messina	3
Laferte	2
Lefrançois	46
Mancuso	3
Mestenapeo	3
Laflamme	120
Legaré	64
Mandeville	7
Mestokosho	2
Laflèche	8
Legault	143
Mann	7
Metallic	3
Lafleur	70
Legendre	13
Manna	2
Métayer	4
Lafond	64
Léger	41
Manning	4
Metcalfe	2
Lafontaine	83
Légère	1
Manningham	2
Metellus	2
Lafontant	1
Legrand	6
Manno	1
Méthé	2
Laforce	9
Legresley	2
Manny	2
Méthot	37
Laforest	39
Legris	9
Manoukian	1
Métivier	24
Laforge	13
Legros	17
Manseau	17
Métras	3
Laforme	4
Leguerrier	2
Mansour	7
Meunier	65
Laforte	1
Lehouillier	6
Mansouri	1
Meyer	4
Lafortune	28
Lehoux	20
Mantha	13
Miah	1
Laframboise	21
Leifer	1
Manuel	2
Mianscum	4
Lafrance	75
Leith	2
Mao	1
Miceli	2
Lafranchise	4
Lejeune	8
Mapachee	2
Michael	2
Lafrenière	65
Lejour	1
Mapp	1
Michaud	224
Lafresnaye	2
Lelièvre	23
Maranda	10
Michaudville	4
Lafricain	1
Lemaire	30
Marandola	2
Michel	35
Lagacé	75
Lemaître	2
Marcaurèle	2
Michelin	2
Laganière	8
Lemarbre	2
Marceau	45
Michetti	1
Lagarde	4
Lemay	159
Marcel	2
Michon	4
Lagimonière	1
Lemelin	37
Marcelin	4
Mickel	1
Lagotte	1
Lemens	1
Marcellus	2
Miclette	4
Lagrandeur	2
Lemerise	2
Marchand	89
Miele	2
Lagrange	8
Lemery	2
Marchessault	4
Mignacca	4
Lagüe	9
Lemieux	194
Marcheterre	4
Migneault	30
Laguerre	4
Lemire	76
Marchetta	2
Mikhail	2
Lagueux	8
Lemoine	16
Marchildon	3
Miles	4
Lahache	3
Lemon	2
Marciano	2
Milhomme	4
Lahaie	30
Lemonde	7
Marcil	45
Miljour	4
Lahaise	3
Lemonnier	1
Marcogliese	2
Millaire	4
Lahey	1
Lemus	2
Marcone	1
Millar	4
Lai	4
Leng	2
Marcotte	87
Miller	37
Lainé	4
Lenoir	2
Marcouiller	7
Millette	59
Lainesse	4
Léo	2
Marcoux	103
Milliard	8
Laing	1
Léon	4
Maréchal	4
Millien	4
Lair	2
Léonard	41
Marenger	4
Millier	2
Lajeunesse	37
Leone	3
Marengère	4
Mills	6
Lajoie	71
Lepage	127
Mariage	2
Milord	3
Lake	2
Lépine	74
Mariani	3
Milot	20
Lalancette	41
Lepire	2
Marien	4
Milton	1
Lalande	26
Lepitre	3
Marier	21
Mimeault	10
Lalanne	3
Lepore	3
Marin	20
Mina	1
Laliberté	85
Leprohon	3
Marineau	13
Mineault	9
Lalime	1
Lequin	4
Marinelli	2
Miner	2
Lallemand	6
Leriche	2
Marinier	7
Minhas	1
Lalli	2
Lerner	4
Marino	4
Minier	7
Lallier	8
Leroux	72
Marion	23
Minville	14
Lallouz	2
Leroy	3
Mark	17
Miousse	7
Lalo	7
Lesage	24
Markandu	1
Miranda	4
Lalonde	128
Lescarbeau	4
Marks	2
Mirandette	1
Lalonge	2
Lescault	2
Marleau	26
Mirarchi	1
Lalumière	13
Lescelleur	1
Marmen	3
Mireault	17
Lam	16
Lesiège	2
Marois	39
Miron	32
Lamadeleine	3
Lesieur	8
Marotte	6
Mirza	4
Lamanque	2
Leslie	3
Maroun	2
Mitchell	24
Lamarche	61
Lespérance	28
Marques	7
Miville	14
Lamarre	57
Lessard	238
Marquette	3
Miville-Deschênes	2
Lamb	2
Lestage	6
Marquis	64
Moar	9
Lambert	151
Létang	3
Marra	2
Moderie	1
Lameboy	2
Letarte	14
Marroquin	1
Moffatt	4
Lamer	8
Letellier	7
Marsan	8
Moffet	8
Lamirande	7
Letendre	17
Marseille	3
Mohamed	13
Lamonde	8
Lethiecq	1
Marsh	2
Mohammad	6
Lamont	4
Létourneau	93
Marshall	7
Moineau	2
Lamontagne	101
Lettre	2
Marsillo	3
Moisan	50
Lamothe	61
Leung	7
Marsolais	9
Moïse	7
Lamouche	3
Levac	17
Martel	250
Molaison	1
Lamour	2
Levasseur	59
Martella	2
Molina	4
Lamoureux	79
Léveillé	59
Martial	2
Mollen	2
Lampron	34
Levert	14
Marticotte	3
Molloy	4
Lamy	27
Lévesque	412
Martimbault	1
Molnar	2
Lancaster	2
Levine	4
Martin	256
Monaco	4
Lance	4
Levreault	1
Martineau	97
Monaghan	4
Lanciault	4
Lévy	17
Martinet	4
Monarque	1
Lanctôt	18
Lewis	18
Martinez	20
Monast	8
Landau	2
Lhérault	3
Martins	4
Monchamp	2
Landerman	2
Lheureux	46
Martone	1
Moncion	2
Landreville	14
Li	21
Martucci	1
Mondésir	2
Landriault	6
Liang	4
Masciotra	2
Mondor	8
Landry	254
Liard	2
Masella	2
Mondou	10
Lane	4
Liberatore	1
Masi	1
Monette	57
Laneuville	4
Liberge	1
Mason	6
Monfette	7
Lang	7
Liboiron	4
Masri	1
Monfils	2
Lange	2
Licursi	2
Massarelli	2
Mongeau	21
Langelier	17
Lieberman	2
Massé	100
Mongeon	13
Langevin	68
Lieu	2
Masseau	2
Monger	4
Langford	3
Lim	9
Massicotte	48
Mongrain	32
Langis	4
Lima	3
Massie	14
Monheit	2
Langlais	35
Limoges	18
Masson	37
Monier	2
Langlois	184
Lin	7
Mastrocola	1
Monière	3
Laniel	12
Linares	2
Mastromonaco	2
Moniz	4
Lanneville	3
Lincourt	3
Masty	4
Monk	1
Lanni	2
Lindsay	7
Matar	2
Montagne	2
Lanoie	9
Ling	2
Matches	2
Montambault	13
Lanoue	8
Linhares	3
Mateus	1
Montanaro	2
Lanouette	8
Linteau	7
Mathé	1
Montcalm	2
Lantagne	4
Lipari	2
Matheson	2
Monteiro	1
Lanteigne	16
Lippe	3
Mathias	3
Montgomery	2
Lanthier	41
Lirette	18
Mathieu	93
Montigny	4
Lantin	8
Lisi	2
Mathis	1
Montmagny	3
Lao	2
Litalien	14
Mathurin	7
Montmarquette	3
Lapalme	17
Little	3
Matos	2
Montmigny	2
Lapare	2
Liu	8
Matoush	4
Montminy	17
Lapenna	2
Livernoche	4
Matta	2
Montour	8
Lapensée	4
Livernois	2
Mattawa	2
Montpas	1
Laperle	7
Lizée	2
Mattawashish	3
Montpellier	1
Laperrière	20
Lizotte	43
Matte	43
Montpetit	26
Lapierre	129
Lloyd	4
Matteau	14
Montplaisir	7
Laplaine	2
Lo	3
Matteo	1
Montreuil	17
Laplante	111
Locas	10
Matthew	3
Monty	4
Lapointe	289
Lockhead	2
Matthews	7
Monzerolle	1
Lapolice	3
Logan	3
Matton	7
Monzon	2
Laporte	65
Loignon	8
Mauger	2
Moody	1
Laprade	9
Loiseau	8
Maurice	28
Mooney	2
Lapratte	2
Loiselle	48
Mawassi	2
Moore	28
Lapre	4
Lombardi	4
Maxwell	3
Moquin	13
Laprise	32
Lombardo	2
May	2
Mora	1
Laquerre	14
Long	8
Mayappo	2
Morabito	2
Lara	1
Longchamps	12
Mayer	32
Morache	1
Larabie	4
Longo	3
Mayers	2
Morais	17
Laramée	28
Longpré	27
Mayette	2
Morales	7
Larche	2
Longtin	9
Mayhew	1
Morand	18
Larcher	4
Longuépée	3
Mayo	3
Morasse	13
Larchevêque	7
Longval	4
Mayrand	14
Moreau	136
Lareau	9
Loon	3
Mayville	1
Moreira	3
Larente	8
Lopez	28
Mazerolle	4
Morel	41
Larin	12
Lorange	3
Mazur	1
Morelli	2
Larivière	82
Loranger	16
Mazza	2
Morello	2
Larkin	3
Lord	43
McAllister	2
Morena	2
Laroche	112
Lorion	3
McArthur	3
Morency	39
Larochelle	72
Lorrain	9
McAulay	2
Moreno	4
Larocque	101
Lortie	35
McBrearty	2
Moretti	1
Larose	86
Losier	8
McBride	2
Morgan	9
Larouche	145
Lottinville	2
McCabe	2
Morier	7
Larrivée	37
Lou	1
McCallum	4
Morin	497
Larsen	1
Loubert	4
McCann	4
Morinville	3
Larue	14
Loubier	8
McCarthy	8
Morisseau	4
Lasalle	10
Louis	17
McClure	3
Morissette	112
Lasnier	6
Louisjeune	2
McComber	6
Morneau	48
Lasry	2
Louissaint	3
McConnell	4
Moro	1
Lassonde	4
Louisseize	4
McCormack	2
Morris	13
Last	1
Loureiro	1
McCormick	3
Morrison	10
Lataille	2
Louttit	2
McCoy	1
Morrow	2
Latendresse	16
Lowe	6
McCulloch	2
Morse	3
Laterreur	6
Lowen	1
McCullough	2
Morton	2
Latif	2
Lowry	2
McCutcheon	3
Morvan	2
Latimer	1
Lowy	2
McDermott	4
Moscato	2
Latouche	3
Loyer	25
McDonald	41
Moses	8
Latour	43
Lozeau	2
McDonnell	1
Mosher	1
Latourelle	3
Lu	6
McDougall	4
Moskovits	4
Latraverse	4
Lubin	4
McDuff	16
Moss	2
Latreille	24
Luc	2
McFadden	2
Mota	3
Latremouille	2
Lucas	10
McFarlane	4
Mottard	3
Latulippe	30
Luce	2
McGee	4
Moulin	4
Lau	4
Lucia	2
McGovern	2
Mourad	3
Launière	4
Lucien	2
McGowan	2
Mourelatos	1
Laurence	9
Lucifero	1
McGrath	4
Moushoom	2
Laurencelle	2
Lui	1
McGraw	3
Moussa	4
Laurendeau	14
Luis	2
McGregor	8
Mousseau	8
Laurent	9
Luna	1
McGuire	4
Moussette	2
Lauriault	4
Luneau	6
McInnis	6
Moyen	2
Laurie	2
Luo	2
McIntosh	4
Mucci	1
Laurier	6
Luong	4
McIntyre	8
Mueller	2
Laurin	72
Lupien	19
McIsaac	1
Muir	4
Laurion	1
Lusignan	8
McKay	13
Muise	3
Lauture	2
Lussier	115
McKee	3
Mule	1
Lauzé	7
Lutfy	1
McKelvey	2
Muller	4
Lauzier	18
Luu	7
McKenna	4
Mulligan	2
Lauzière	10
Ly	17
McKenzie	23
Mullin	3
Lauzon	122
Lymburner	1
McKeown	3
Mullins	2
Lavallée	111
Lynch	10
McKinnon	9
Muloin	1
Lavallière	4
Lyonnais	8
McLaren	3
Multani	2
Laveault	1
Lyons	4
McLaughlin	8
Munger	20
Laventure	3
Ma	7
McLean	18
Munn	1
Laverdière	25
Maalouf	3
McLellan	4
Munoz	4
Laverdure	12
Macameau	2
McLeod	9
Munro	4
Lavergne	23
Macedo	1
McLure	3
Murat	2
Laverrière	3
Machabée	2
McMahon	4
Murdock	2
Lavertu	9
Machado	4
McManus	2
Muro	2
Lavery	2
Mack	2
McMartin	2
Murphy	25
Lavictoire	4
Macri	3
McMillan	4
Murray	46
Lavigne	90
Madden	2
McMullen	4
Mustapha	2
Lavigueur	8
Madison	1
McMurray	2
Myers	3
Laviolette	19
Madore	21
McNab	1
Myette	3
Lavoie	458
Mageau	3
McNally	1
Mylvaganam	2
Law	3
Magnan	17
McNamara	3
Myrand	2
Lawlor	1
Magny	8
McNeil	8
Myre	9
Lawrence	7
Maguire	2
McNicoll	10
Nadarajah	4
Palmieri	2
Pintal	1
Reeves	8
Nadeau	257
Palumbo	3
Pinto	6
Regan	1
Nader	2
Pampena	1
Pion	13
Régimbald	14
Nadler	2
Pan	2
Pipon	3
Régis	8
Nadon	32
Panetta	2
Piquette	4
Régnier	7
Nagy	3
Pang	2
Pires	3
Rego	2
Nahas	1
Panneton	9
Pirro	1
Rehel	8
Najjar	1
Paolucci	1
Pisano	1
Rehman	1
Nantais	4
Papadakis	2
Piton	1
Reich	2
Nantel	25
Papadopoulos	3
Pitre	30
Reid	37
Naoum	1
Papatie	10
Pitt	3
Reilly	2
Napartuk	2
Papazian	1
Pitts	1
Reis	4
Napash	3
Papigatuk	2
Piuze	2
Rémillard	27
Napess	2
Papillon	12
Pivin	4
Rémy	8
Napoléon	2
Papin	1
Plaisance	3
Rénald	2
Napolitano	2
Papineau	24
Plamondon	43
Renaud	131
Nappert	3
Pappas	2
Plante	177
Renda	2
Narbonne	4
Paquette	361
Plasse	4
René	23
Narcisse	2
Paquin	119
Pleau	9
Renédecotret	2
Nardelli	2
Paradis	171
Plouffe	63
Renire	2
Nardi	2
Pardiac	1
Plourde	92
Renouf	2
Nareau	1
Paré	119
Poiré	7
Reny	3
Nash	2
Paredes	2
Poirier	294
Renzo	2
Nasr	2
Parent	216
Poissant	21
Resendes	2
Nasrallah	2
Parente	2
Poisson	30
Reyes	8
Nassak	1
Parenteau	28
Poitras	59
Reynolds	4
Nasser	1
Paris	21
Poliquin	24
Rhainds	2
Nassif	4
Parisé	14
Polisena	1
Rhéault	25
Natachequan	2
Pariseau	14
Pollack	2
Rhéaume	52
Nathan	1
Parisi	1
Pollender	2
Ribeiro	4
Nault	75
Parisien	10
Pollock	2
Riberdy	2
Navaratnam	2
Park	4
Polson	7
Ricard	57
Navarro	3
Parker	10
Polynice	2
Ricci	6
Ndiaye	1
Parkinson	1
Pombert	2
Riccio	3
Neacappo	1
Parmar	2
Pomerleau	46
Rice	7
Neeposh	6
Parmentier	1
Pominville	7
Rich	3
Nehme	3
Parr	3
Pompeo	1
Richard	228
Neil	4
Parris	2
Ponce	2
Richards	7
Nellis	1
Parrot	2
Ponniah	2
Richardson	10
Nelson	14
Parsons	4
Pontbriand	8
Richelieu	1
Nemeth	1
Partridge	1
Ponton	4
Richer	82
Nepton	4
Parveen	2
Poole	1
Richmond	2
Nequado	1
Pascal	4
Poon	2
Riel	14
Néron	32
Pasquale	2
Pope	2
Riendeau	34
Nesbitt	1
Passarelli	2
Porco	2
Riffon	2
Ness	1
Patel	89
Porgesz	2
Rigas	1
Neuman	4
Patenaude	37
Porlier	6
Riley	4
Neves	2
Pathmanathan	2
Portelance	8
Rinaldi	4
Neveu	17
Patoine	7
Porter	3
Rinfret	4
Neville	1
Patrice	2
Portillo	2
Ring	1
Newashish	2
Patrick	2
Portugais	2
Ringuette	21
Newberry	1
Patry	50
Potel	2
Riopel	30
Newman	4
Patterson	13
Pothier	20
Rios	1
Newton	2
Patton	3
Potter	2
Rioux	123
Ng	8
Patulli	2
Potvin	114
Riquier	1
Ngo	14
Paul	41
Poucachiche	6
Ritcher	1
Nguon	1
Paulhus	9
Poudrette	3
Ritchie	8
Nguyen	122
Paulin	12
Poudrier	17
Ritchot	3
Nichols	6
Pauzé	13
Poulette	4
Rivard	93
Nicholson	4
Pavao	2
Poulin	268
Rivas	4
Nickner	2
Paventi	2
Pouliot	104
Rivera	7
Nicol	17
Paxton	1
Poupart	14
Riverin	17
Nicolas	18
Payant	8
Powell	6
Rivest	74
Nielsen	2
Payer	3
Power	4
Rivière	4
Niquay	3
Payette	30
Powers	4
Rizk	3
Niquette	4
Payeur	13
Prairie	4
Rizkallah	1
Niro	2
Payne	4
Pratte	19
Rizzo	2
Nixon	1
Pearce	3
Précourt	3
Rizzuto	2
Nobert	9
Pearson	17
Préfontaine	10
Roach	3
Nobile	1
Peck	3
Prégent	4
Robb	2
Noble	2
Pedicelli	2
Prémont	6
Roberge	101
Noël	104
Pedneault	23
Prénovost	2
Robert	158
Noiseux	13
Peeters	1
Prescott	8
Roberts	17
Nolan	4
Péladeau	4
Pressé	3
Robertson	20
Nolet	37
Pelchat	32
Presseault	8
Robichaud	61
Nolin	19
Pélissier	3
Preston	2
Robidas	8
Noreau	8
Pelland	10
Prévereau	2
Robidoux	34
Normand	43
Pellegrino	3
Préville	6
Robillard	48
Normandeau	17
Pellerin	74
Prévost	78
Robin	13
Normandin	39
Pelletier	435
Prézeau	2
Robineau	4
Norris	4
Péloquin	28
Price	4
Robinette	3
Norton	2
Pelosse	4
Prieur	6
Robinson	35
Nottaway	2
Peluso	1
Primard	2
Robitaille	119
Noury	7
Pen	2
Primeau	35
Robles	1
Novak	4
Pena	3
Primiani	2
Robson	1
Novalinga	2
Penney	1
Prince	28
Roby	3
Nuckle	2
Penosway	4
Principe	1
Roch	28
Nudo	2
Pepabano	4
Privé	8
Rocha	2
Nugent	2
Pepe	2
Pronovost	27
Roche	3
Nunes	7
Pépin	112
Prophète	1
Rochefort	23
Oakes	4
Peralta	1
Proteau	14
Rocheleau	27
Obas	2
Pereira	17
Proulx	209
Rocher	1
Obeid	2
Perez	20
Provençal	16
Rochette	32
Obomsawin	2
Périard	10
Provencher	78
Rochon	59
Obrien	10
Périgny	4
Provost	79
Rodgers	8
Ochoa	1
Perkins	3
Prudhomme	43
Rodier	12
Oconnell	4
Perras	21
Pruneau	20
Rodney	3
Oconnor	14
Perreault	202
Pugliese	1
Rodrigue	93
Octeau	1
Perrier	26
Pulice	1
Rodriguez	32
Odonnell	4
Perrin	4
Purcell	3
Roger	18
Ofarrell	3
Perron	193
Purdy	2
Rogers	4
Ogrady	2
Perrotta	1
Pye	1
Roireau	1
Ohana	2
Perrotte	2
Qinuajuak	1
Rojas	4
Ohara	2
Perry	14
Quach	6
Rolfe	2
Ohayon	4
Persaud	2
Quan	2
Rolland	13
Okeefe	2
Persechino	2
Quenneville	18
Rollin	12
Okituk	1
Pérusse	12
Querry	4
Romain	7
Oleary	2
Perveen	1
Quesnel	26
Roman	2
Oligny	4
Pesant	9
Quessy	8
Romanelli	2
Oliva	3
Petawabano	4
Quévillon	17
Romano	8
Oliveira	7
Petel	3
Quezada	1
Romeo	3
Oliver	4
Peterkin	1
Quimper	3
Romero	7
Olivier	23
Peters	8
Quinn	12
Rompré	7
Olmstead	1
Petersen	2
Quintal	17
Romulus	1
Olsen	3
Peterson	7
Quintanilla	2
Rondeau	64
Olson	1
Petiguay	13
Quintin	7
Rood	2
Omar	2
Petion	2
Quinton	3
Rooney	3
Oneill	8
Petiquay	7
Quirion	45
Rosa	9
Ong	2
Petit	41
Quitich	6
Rosales	3
Oppman	1
Petitclerc	14
Qumaluk	3
Rosati	2
Ordonez	1
Petitpas	4
Quoquochi	2
Rose	17
Oreilly	4
Petosa	1
Qureshi	3
Roseberry	4
Orellana	4
Petrella	3
Raad	1
Rosen	3
Orlando	2
Petrilli	2
Rabbitskin	3
Rosenbaum	1
Orourke	1
Pétrin	14
Rabinovitch	1
Rosenberg	7
Orphanos	1
Petropoulos	1
Rabouin	4
Ross	64
Orr	3
Petrucci	1
Raby	14
Rossi	8
Orsini	4
Pettigrew	6
Racanelli	2
Rossignol	12
Ortega	2
Pham	23
Racette	25
Roth	4
Ortiz	7
Phan	14
Racicot	32
Rotondo	1
Osborne	6
Phaneuf	24
Racine	100
Rottenberg	1
Osei	2
Pharand	17
Rae	2
Rouette	4
Osman	4
Phelan	2
Rafter	1
Rougeau	3
Osorio	2
Phenix	2
Rahal	2
Rouillard	19
Ostiguy	14
Philémon	1
Rahaman	1
Rouillier	4
Osullivan	2
Philibert	9
Rahman	8
Rouleau	63
Oswald	1
Philie	4
Raiche	9
Roulier	1
Otis	24
Philippe	14
Rail	8
Roumeliotis	1
Ottawa	13
Philippon	4
Raimondo	2
Rousse	4
Otter	2
Philistin	1
Rainone	1
Rousseau	164
Ottereyes	4
Phillips	14
Rainville	37
Roussel	61
Ou	1
Philogène	1
Raja	2
Rousselot	2
Ouaknine	2
Phoenix	1
Rajaratnam	2
Roussin	12
Ouellet	446
Phung	3
Rajotte	12
Rousson	2
Ouimet	67
Piazza	2
Ramirez	8
Roussy	23
Oum	1
Picard	140
Ramos	8
Routhier	28
Ouzilleau	2
Piccolo	2
Ramsay	10
Roux	28
Owen	1
Piché	81
Rana	3
Rowan	1
Owens	1
Pichette	39
Rancourt	43
Rowe	4
Owusu	2
Picotin	3
Randall	2
Rowley	1
Pace	3
Picotte	9
Ranger	24
Rowsell	2
Pachanos	2
Pien	3
Rankin	3
Roy	753
Pacheco	9
Pierre	43
Rannou	2
Royal	4
Packwood	2
Pierrelouis	8
Rao	2
Royea	2
Padilla	1
Pietracupa	2
Raphael	6
Royer	43
Padlayat	2
Pietrantonio	3
Raposo	8
Rozon	14
Pagano	1
Pietroniro	1
Raquepas	1
Rubin	3
Pagé	68
Piette	10
Rashid	2
Rubio	2
Pageau	32
Pigeon	41
Rasiah	2
Rudolph	1
Pagette	1
Pike	2
Rasmussen	1
Ruel	46
Paiement	21
Pilette	2
Ratelle	14
Ruelland	2
Paillé	10
Pilon	100
Ratnam	2
Ruest	17
Painchaud	17
Pilote	52
Ratt	4
Ruffolo	1
Paiva	2
Pimentel	4
Ratté	37
Rufiange	3
Pal	3
Pimparé	9
Ravary	4
Ruggiero	2
Palacios	2
Pin	2
Ravenelle	3
Ruiz	4
Palardy	8
Pinard	35
Raymond	150
Rupert	4
Palermo	2
Pincince	1
Raynault	2
Ruperthouse	3
Palin	4
Pineault	41
Raza	2
Ruscito	2
Paliotti	2
Pineda	4
Rebelo	3
Russell	12
Palladini	1
Pinel	8
Recine	2
Russo	6
Pallotta	2
Pinette	20
Reda	4
Rutherford	2
Palma	2
Pinsonneault	16
Redmond	2
Ryan	14
Palmer	6
Saab	2
Sinnathamby	2
Thibodeau	90
Vigeant	8
Saad	9
Sinnathurai	2
Thiboutot	12
Viger	12
Saavedra	2
Sioui	4
Thiffault	29
Vigneault	67
Sabbagh	3
Sirard	4
Thisdale	2
Vigneux	3
Sabbah	7
Sirois	79
Thivierge	48
Vignola	9
Sabourin	52
Skelling	2
Thomas	46
Vilandré	2
Sabra	1
Skinner	1
Thomassin	13
Villanueva	1
Sagala	3
Slater	3
Thompson	32
Villegas	1
Saganash	4
Sleiman	3
Thomson	4
Villemaire	7
Sage	3
Slight	2
Thorne	4
Villemure	10
Saget	1
Slim	1
Thouin	12
Villeneuve	165
Saïd	3
Sloan	1
Thuot	6
Villiard	4
Saidi	1
Small	4
Thurairajah	2
Vincelette	6
Saillant	4
Smart	2
Thurston	1
Vincelli	4
Saindon	12
Smith	97
Tibbo	2
Vincent	82
Saini	1
Snow	2
Timmons	3
Vinet	20
Sakr	2
Snowball	3
Tinkler	1
Viola	2
Salah	1
Snowboy	4
Tison	1
Violette	2
Salame	3
Snyder	3
Tisseur	3
Visitor	3
Salazar	3
So	2
Tissot	1
Vital	2
Saleh	6
Soares	4
Tittley	2
Vitale	2
Salem	2
Sobh	3
To	4
Viveiros	2
Salerno	2
Sohier	1
Tobar	1
Vivier	7
Salesse	2
Sok	3
Tobin	2
Vo	10
Salgado	1
Soliman	2
Todaro	2
Vocelle	1
Saliba	3
Solis	2
Todd	3
Voghel	3
Salim	2
Solomon	4
Toledano	2
Voisard	2
Salinas	1
Solorzano	1
Tolley	1
Voiselle	1
Salloum	2
Somers	1
Tom	2
Voisine	3
Salman	2
Song	1
Tomas	1
Volcy	2
Salmon	2
Sonier	2
Tomasino	1
Vollant	13
Salois	6
Sorel	7
Tomassini	1
Vollering	1
Salomon	4
Sorensen	1
Ton	2
Voltaire	1
Salt	4
Soto	2
Tondreau	4
Vong	2
Salter	1
Soucisse	2
Tong	3
Vouligny	2
Salvail	6
Soucy	79
Tookalook	2
Voyageur	2
Salvas	6
Soulard	7
Tooktoo	2
Voyer	32
Salvatore	3
Soulières	16
Tooma	2
Vu	12
Salvo	2
Souligny	2
Topping	2
Vuong	4
Sam	8
Soumis	2
Torossian	2
Wabanonick	3
Samedy	1
Sourdif	3
Torres	8
Wabanonik	3
Samoisette	2
Sousa	7
Tortorici	2
Wabie	1
Sampson	2
Soussan	1
Toth	2
Wade	1
Samson	74
Soutière	1
Touchette	28
Wafer	2
Samuel	14
Sow	1
Tougas	13
Wagner	9
Samuels	2
Sparks	2
Toulouse	8
Waite	2
Sanche	4
Spénard	6
Toupin	25
Walker	17
Sanchez	13
Spence	4
Tourangeau	14
Wall	3
Sanders	4
Spencer	7
Touré	3
Wallace	6
Sanderson	1
Spina	2
Tourigny	25
Wallis	1
Sandhu	4
Spinelli	1
Tourville	3
Walsh	13
Sandoval	2
Spitzer	2
Tousignant	39
Walter	3
Sandy	3
Spooner	3
Toussaint	17
Walters	3
Sanfaçon	10
Squires	2
Toutant	10
Walton	1
Sanon	8
Stabile	2
Touzel	2
Waltz	1
Sanscartier	14
Stacey	6
Touzin	7
Waltzing	2
Sanschagrin	9
Stafford	2
Tracey	1
Wan	2
Sansoucy	8
St-Amand	50
Trachy	3
Wang	12
Sansregret	4
St-Amour	35
Tracy	2
Wapachee	6
Santamaria	2
St-André	7
Trad	1
Wapistan	3
Santana	2
Stanley	2
Trahan	19
Ward	14
Santerre	27
St-Antoine	2
Tran	56
Warner	2
Santiago	2
Stark	2
Tranchemontagne	2
Warren	9
Santini	2
St-Arnaud	32
Trang	1
Waterhouse	1
Santoro	1
Starnino	3
Tranquille	3
Waters	4
Santos	13
St-Aubin	13
Traoré	2
Watier	4
Sarault	2
St-Charles	1
Trapper	8
Watkins	2
Sargent	1
St-Cyr	41
Travers	4
Watson	9
Sarkis	2
St-Denis	32
Traversy	7
Watt	4
Sarkissian	1
Steben	6
Tremblay	1075
Watts	2
Sarmiento	2
Ste-Croix	6
Trempe	8
Waugh	1
Sarrazin	39
Steele	3
Trépanier	85
Wawatie	1
Sasseville	14
Stein	4
Triassi	2
Waxman	1
Saucier	17
Steinberg	3
Trieu	2
Weapenicappo	1
Saulnier	13
Steiner	2
Tringle	2
Webb	3
Saumier	3
Ste-Marie	29
Trinh	7
Weber	8
Saumure	10
Stephen	7
Trinque	3
Webster	4
Saunders	8
Stephens	4
Trottier	81
Weekes	2
Sauriol	17
Stephenson	2
Truchon	23
Weetaltuk	2
Sauro	4
Stern	3
Trudeau	68
Weetaluktuk	1
Sauvage	1
Stevens	7
Trudel	142
Wehbe	2
Sauvageau	32
Stevenson	4
Truong	14
Wei	1
Sauvé	72
Stewart	17
Tsang	2
Weightman	2
Savage	16
St-Fleur	3
Tse	3
Weinberger	4
Savard	210
St-François	1
Tu	3
Weiner	1
Savaria	14
St-Gelais	34
Tubman	1
Weinstein	1
Savary	4
St-Georges	20
Tucci	2
Weir	2
Saviadjuk	2
St-Germain	50
Tucker	4
Weiss	4
Savignac	8
St-Hilaire	56
Tukai	1
Weistche	1
Savoie	78
St-Jacques	32
Tukalak	3
Weisz	2
Sawyer	7
St-James	3
Tukkiapik	3
Weizineau	8
Sayegh	4
St-Jean	92
Tulugak	2
Welburn	2
Sayers	1
St-Jules	2
Turbide	19
Welch	2
Sbeiti	2
St-Laurent	90
Turbis	2
Wellman	2
Scalabrini	3
St-Louis	67
Turcotte	219
Wells	4
Scalia	4
St-Marseille	3
Turenne	8
Welsh	2
Scalzo	1
St-Martin	25
Turgeon	101
Werzberger	2
Schanck	1
St-Maurice	4
Turk	1
Wesley	1
Scherer	2
St-Michel	6
Turmel	30
West	3
Schiavone	2
Stock	1
Turnbull	3
Weston	1
Schinck	4
Stone	3
Turner	16
Whalen	4
Schmidt	8
St-Onge	96
Turpin	14
Whalley	2
Schneider	4
St-Ours	4
Tutino	2
Wheeler	4
Schofield	1
St-Pierre	263
Uddin	2
Whelan	3
Schryer	2
Strasbourg	2
Ullah	2
Whiskeychan	3
Schultz	1
Stringer	2
Ulrich	2
Whissell	6
Schulz	1
St-Roch	1
Ulysse	4
White	32
Schwartz	10
St-Sauveur	3
Umana	1
Whitebean	2
Sciascia	2
Stuart	4
Underwood	1
Whiteduck	2
Sciortino	3
St-Vil	3
Ung	4
Whitehead	2
Scipio	2
St-Vincent	4
Ungar	2
Whitney	1
Scott	29
St-Yves	10
Unger	1
Whittaker	3
Scraire	2
Su	2
Unsdorfer	2
Whittom	4
Scrive	1
Suarez	2
Urbain	4
Whitton	2
Scrosati	1
Subramaniam	6
Vaccaro	4
Whitty	2
Scullion	2
Suissa	4
Vachon	150
Wiggins	1
Scully	2
Sullivan	12
Vadeboncoeur	8
Wilcott	1
Sealhunter	3
Sultan	2
Vadnais	9
Wilhelmy	1
Sears	2
Sultana	4
Vaillancourt	129
Wilkie	2
Sebbag	4
Sun	4
Vaillant	10
Wilkins	2
Seccareccia	2
Suppa	2
Valade	14
Wilkinson	3
Seers	2
Sureau	1
Valcourt	17
Willard	2
Segal	4
Surette	1
Valdez	2
Willett	2
Séguin	115
Surprenant	19
Valence	2
Williams	35
Selby	1
Sutherland	3
Valencia	1
Williamson	7
Selladurai	1
Sutton	6
Valente	4
Willis	3
Sellathurai	2
Swallow	3
Valenti	2
Wilson	34
Selvarajah	2
Sweeney	8
Valentin	2
Wiltshire	1
Semaan	2
Sy	2
Valentine	2
Winter	2
Seminaro	1
Syed	4
Valentini	1
Wise	1
Sénat	2
Sylla	2
Valenzuela	2
Wiseman	4
Sénécal	37
Sylvain	32
Valiante	1
Wistaff	3
Sénéchal	23
Sylvester	2
Valin	4
Witty	2
Senez	8
Sylvestre	37
Valiquette	32
Wolfe	8
Senneville	7
Synnett	7
Vallée	119
Wong	27
Séraphin	2
Synnott	12
Vallerand	10
Woo	4
Sergerie	23
Syvret	3
Vallières	74
Wood	8
Serra	2
Szabo	3
Vallipuram	1
Woodard	2
Serrano	3
Szeto	2
Valois	25
Woodbury	2
Serré	4
Ta	3
Van	4
Woods	7
Servais	2
Tabet	2
Vanasse	12
Woodward	2
Servant	14
Taché	3
Vandal	17
Wright	14
Sévère	1
Taddeo	3
Vandelac	2
Wu	9
Sévigny	43
Tadros	2
Vandette	2
Wylie	2
Sexton	2
Taha	2
Vanhoutte	1
Wysote	1
Seyer	4
Taillefer	18
Vani	1
Xavier	3
Seymour	2
Tailleur	3
Vanier	19
Xenos	2
Shah	4
Taillon	20
Vanwinden	2
Xie	2
Shaheen	2
Tailly	3
Varano	2
Xu	4
Shaikh	2
Taing	4
Varennes	2
Yacoub	1
Shank	4
Talarico	2
Vargas	4
Yale	3
Shannon	3
Talbot	63
Varin	12
Yan	3
Shapiro	3
Taleb	2
Vary	3
Yang	6
Sharma	4
Talon	3
Vasquez	8
Yao	1
Sharp	1
Tam	6
Vatcher	1
Yargeau	3
Sharpe	2
Tan	8
Vaudeville	1
Yassine	1
Shattler	2
Tang	12
Vaudreuil	3
Yates	2
Shaw	10
Tanguay	105
Vaudrin	3
Ye	2
Shea	4
Tanner	1
Vaudry	14
Yee	4
Shecanapish	1
Tannous	2
Vaugeois	4
Yelle	14
Shecapio	8
Tapin	1
Vautour	3
Yergeau	8
Shecapioblacksmith	2
Tapp	8
Vaz	1
Yeung	3
Shedrick	2
Tarantino	1
Veer	2
Yi	2
Sheehan	3
Tardif	127
Véga	2
Yilmaz	1
Sheehy	6
Tartaglia	2
Veillette	50
Yin	1
Sheikh	6
Tarte	3
Veilleux	114
Yip	3
Shen	2
Taschereau	3
Velasco	2
Yockell	2
Sheppard	4
Tassé	20
Velasquez	4
You	1
Sheridan	2
Tat	1
Vendette	10
Younes	3
Sherman	1
Tavares	8
Venditti	2
Young	25
Sheshamush	1
Tawil	2
Venne	32
Youssef	4
Shi	1
Taylor	26
Ventura	4
Yu	9
Shields	3
Tea	1
Verdon	4
Yuan	1
Shink	6
Teasdale	6
Vergara	2
Yuen	2
Shooner	1
Tedeschi	1
Verge	2
Yung	1
Shore	2
Teitelbaum	2
Verma	1
Yvon	2
Sicard	13
Teixeira	4
Vermette	27
Zacharie	2
Siconnelly	1
Télémaque	1
Verner	4
Zaidi	2
Sicotte	8
Telfort	2
Vernier	3
Zakaib	1
Siddiqui	2
Tellier	24
Véronneau	12
Zakaria	2
Sidhu	2
Telmosse	2
Verpaelst	2
Zaman	1
Sigouin	27
Teoli	3
Verreault	45
Zambito	2
Silber	2
Teolis	2
Verret	26
Zamor	1
Silberman	2
Terrault	2
Verrier	4
Zamora	2
Sills	2
Tessier	128
Verrillo	2
Zampino	2
Silva	9
Testa	2
Versailles	1
Zapata	2
Silver	2
Tétreault	70
Verschelden	1
Zeidan	2
Silverman	2
Têtu	6
Vertefeuille	3
Zelaya	1
Sim	2
Thach	2
Verville	27
Zeng	1
Simard	354
Thai	4
Vescio	1
Zenga	1
Siméon	4
Thauvette	6
Vézeau	7
Zéphir	2
Simeone	2
Théberge	43
Vézina	108
Zéphirin	1
Simmons	3
Thellend	4
Viau	48
Zhang	13
Simms	2
Themens	4
Vibert	4
Zhao	4
Simoes	2
Théodore	2
Vicaire	2
Zheng	2
Simon	39
Théorêt	32
Vicente	1
Zhong	2
Simoneau	48
Thériault	163
Victor	6
Zhou	4
Simpson	10
Thermidor	1
Vidal	8
Zhu	3
Sincennes	3
Théroux	18
Vieira	6
Zimmermann	2
Sinclair	7
Therrien	178
Viel	12
Zuniga	1
Singer	4
Thibault	268
Vienneau	8
Singh	28
Thibert	13
Viens	50
